actor,technique_id,technique,tactics
admin@338,T1007,System Service Discovery,discovery
admin@338,T1016,System Network Configuration Discovery,discovery
admin@338,T1036,Masquerading,stealth
admin@338,T1049,System Network Connections Discovery,discovery
admin@338,T1059,Command and Scripting Interpreter,execution
admin@338,T1069,Permission Groups Discovery,discovery
admin@338,T1082,System Information Discovery,discovery
admin@338,T1083,File and Directory Discovery,discovery
admin@338,T1087,Account Discovery,discovery
admin@338,T1203,Exploitation for Client Execution,execution
admin@338,T1204,User Execution,execution
admin@338,T1566,Phishing,initial-access
Agrius,T1003,OS Credential Dumping,credential-access
Agrius,T1005,Data from Local System,collection
Agrius,T1018,Remote System Discovery,discovery
Agrius,T1021,Remote Services,lateral-movement
Agrius,T1036,Masquerading,stealth
Agrius,T1041,Exfiltration Over C2 Channel,exfiltration
Agrius,T1046,Network Service Discovery,discovery
Agrius,T1059,Command and Scripting Interpreter,execution
Agrius,T1074,Data Staged,collection
Agrius,T1078,Valid Accounts,stealth|persistence|privilege-escalation|initial-access
Agrius,T1110,Brute Force,credential-access
Agrius,T1119,Automated Collection,collection
Agrius,T1140,Deobfuscate/Decode Files or Information,stealth
Agrius,T1190,Exploit Public-Facing Application,initial-access
Agrius,T1505,Server Software Component,persistence
Agrius,T1543,Create or Modify System Process,persistence|privilege-escalation
Agrius,T1560,Archive Collected Data,collection
Agrius,T1570,Lateral Tool Transfer,lateral-movement
Agrius,T1583,Acquire Infrastructure,resource-development
Agrius,T1685,Disable or Modify Tools,defense-impairment
Ajax Security Team,T1056,Input Capture,collection|credential-access
Ajax Security Team,T1105,Ingress Tool Transfer,command-and-control
Ajax Security Team,T1204,User Execution,execution
Ajax Security Team,T1555,Credentials from Password Stores,credential-access
Ajax Security Team,T1566,Phishing,initial-access
Akira,T1018,Remote System Discovery,discovery
Akira,T1021,Remote Services,lateral-movement
Akira,T1027,Obfuscated Files or Information,stealth
Akira,T1036,Masquerading,stealth
Akira,T1059,Command and Scripting Interpreter,execution
Akira,T1078,Valid Accounts,stealth|persistence|privilege-escalation|initial-access
Akira,T1133,External Remote Services,persistence|initial-access
Akira,T1213,Data from Information Repositories,collection
Akira,T1219,Remote Access Tools,command-and-control
Akira,T1482,Domain Trust Discovery,discovery
Akira,T1486,Data Encrypted for Impact,impact
Akira,T1531,Account Access Removal,impact
Akira,T1558,Steal or Forge Kerberos Tickets,credential-access
Akira,T1560,Archive Collected Data,collection
Akira,T1567,Exfiltration Over Web Service,exfiltration
Akira,T1657,Financial Theft,impact
Akira,T1685,Disable or Modify Tools,defense-impairment
Andariel,T1005,Data from Local System,collection
Andariel,T1027,Obfuscated Files or Information,stealth
Andariel,T1049,System Network Connections Discovery,discovery
Andariel,T1057,Process Discovery,discovery
Andariel,T1105,Ingress Tool Transfer,command-and-control
Andariel,T1189,Drive-by Compromise,initial-access
Andariel,T1203,Exploitation for Client Execution,execution
Andariel,T1204,User Execution,execution
Andariel,T1566,Phishing,initial-access
Andariel,T1588,Obtain Capabilities,resource-development
Andariel,T1590,Gather Victim Network Information,reconnaissance
Andariel,T1592,Gather Victim Host Information,reconnaissance
Aoqin Dragon,T1027,Obfuscated Files or Information,stealth
Aoqin Dragon,T1036,Masquerading,stealth
Aoqin Dragon,T1083,File and Directory Discovery,discovery
Aoqin Dragon,T1091,Replication Through Removable Media,lateral-movement|initial-access
Aoqin Dragon,T1203,Exploitation for Client Execution,execution
Aoqin Dragon,T1204,User Execution,execution
Aoqin Dragon,T1570,Lateral Tool Transfer,lateral-movement
Aoqin Dragon,T1587,Develop Capabilities,resource-development
Aoqin Dragon,T1588,Obtain Capabilities,resource-development
AppleJeus,T1566,Phishing,initial-access
AppleJeus,T1657,Financial Theft,impact
APT-C-36,T1027,Obfuscated Files or Information,stealth
APT-C-36,T1036,Masquerading,stealth
APT-C-36,T1047,Windows Management Instrumentation,execution
APT-C-36,T1053,Scheduled Task/Job,execution|persistence|privilege-escalation
APT-C-36,T1055,Process Injection,stealth|privilege-escalation
APT-C-36,T1059,Command and Scripting Interpreter,execution
APT-C-36,T1105,Ingress Tool Transfer,command-and-control
APT-C-36,T1133,External Remote Services,persistence|initial-access
APT-C-36,T1204,User Execution,execution
APT-C-36,T1480,Execution Guardrails,stealth
APT-C-36,T1534,Internal Spearphishing,lateral-movement
APT-C-36,T1564,Hide Artifacts,stealth
APT-C-36,T1566,Phishing,initial-access
APT-C-36,T1568,Dynamic Resolution,command-and-control
APT-C-36,T1571,Non-Standard Port,command-and-control
APT-C-36,T1574,Hijack Execution Flow,stealth|execution
APT-C-36,T1583,Acquire Infrastructure,resource-development
APT-C-36,T1584,Compromise Infrastructure,resource-development
APT-C-36,T1586,Compromise Accounts,resource-development
APT-C-36,T1587,Develop Capabilities,resource-development
APT-C-36,T1588,Obtain Capabilities,resource-development
APT-C-36,T1593,Search Open Websites/Domains,reconnaissance
APT-C-36,T1608,Stage Capabilities,resource-development
APT-C-36,T1683,Generate Content,resource-development
APT-C-36,T1684,Social Engineering,stealth
APT1,T1003,OS Credential Dumping,credential-access
APT1,T1005,Data from Local System,collection
APT1,T1007,System Service Discovery,discovery
APT1,T1016,System Network Configuration Discovery,discovery
APT1,T1021,Remote Services,lateral-movement
APT1,T1036,Masquerading,stealth
APT1,T1049,System Network Connections Discovery,discovery
APT1,T1057,Process Discovery,discovery
APT1,T1059,Command and Scripting Interpreter,execution
APT1,T1087,Account Discovery,discovery
APT1,T1114,Email Collection,collection
APT1,T1119,Automated Collection,collection
APT1,T1135,Network Share Discovery,discovery
APT1,T1550,Use Alternate Authentication Material,lateral-movement
APT1,T1560,Archive Collected Data,collection
APT1,T1566,Phishing,initial-access
APT1,T1583,Acquire Infrastructure,resource-development
APT1,T1584,Compromise Infrastructure,resource-development
APT1,T1585,Establish Accounts,resource-development
APT1,T1588,Obtain Capabilities,resource-development
APT12,T1102,Web Service,command-and-control
APT12,T1203,Exploitation for Client Execution,execution
APT12,T1204,User Execution,execution
APT12,T1566,Phishing,initial-access
APT12,T1568,Dynamic Resolution,command-and-control
APT16,T1584,Compromise Infrastructure,resource-development
APT17,T1583,Acquire Infrastructure,resource-development
APT17,T1585,Establish Accounts,resource-development
APT18,T1027,Obfuscated Files or Information,stealth
APT18,T1053,Scheduled Task/Job,execution|persistence|privilege-escalation
APT18,T1059,Command and Scripting Interpreter,execution
APT18,T1070,Indicator Removal,stealth
APT18,T1071,Application Layer Protocol,command-and-control
APT18,T1078,Valid Accounts,stealth|persistence|privilege-escalation|initial-access
APT18,T1082,System Information Discovery,discovery
APT18,T1083,File and Directory Discovery,discovery
APT18,T1105,Ingress Tool Transfer,command-and-control
APT18,T1133,External Remote Services,persistence|initial-access
APT18,T1547,Boot or Logon Autostart Execution,persistence|privilege-escalation
APT19,T1016,System Network Configuration Discovery,discovery
APT19,T1027,Obfuscated Files or Information,stealth
APT19,T1033,System Owner/User Discovery,discovery
APT19,T1059,Command and Scripting Interpreter,execution
APT19,T1071,Application Layer Protocol,command-and-control
APT19,T1082,System Information Discovery,discovery
APT19,T1112,Modify Registry,defense-impairment|persistence
APT19,T1132,Data Encoding,command-and-control
APT19,T1140,Deobfuscate/Decode Files or Information,stealth
APT19,T1189,Drive-by Compromise,initial-access
APT19,T1204,User Execution,execution
APT19,T1218,System Binary Proxy Execution,stealth
APT19,T1543,Create or Modify System Process,persistence|privilege-escalation
APT19,T1547,Boot or Logon Autostart Execution,persistence|privilege-escalation
APT19,T1564,Hide Artifacts,stealth
APT19,T1566,Phishing,initial-access
APT19,T1574,Hijack Execution Flow,stealth|execution
APT19,T1588,Obtain Capabilities,resource-development
APT28,T1001,Data Obfuscation,command-and-control
APT28,T1003,OS Credential Dumping,credential-access
APT28,T1005,Data from Local System,collection
APT28,T1014,Rootkit,stealth
APT28,T1021,Remote Services,lateral-movement
APT28,T1025,Data from Removable Media,collection
APT28,T1027,Obfuscated Files or Information,stealth
APT28,T1030,Data Transfer Size Limits,exfiltration
APT28,T1036,Masquerading,stealth
APT28,T1037,Boot or Logon Initialization Scripts,persistence|privilege-escalation
APT28,T1039,Data from Network Shared Drive,collection
APT28,T1040,Network Sniffing,credential-access|discovery
APT28,T1048,Exfiltration Over Alternative Protocol,exfiltration
APT28,T1056,Input Capture,collection|credential-access
APT28,T1057,Process Discovery,discovery
APT28,T1059,Command and Scripting Interpreter,execution
APT28,T1068,Exploitation for Privilege Escalation,privilege-escalation
APT28,T1070,Indicator Removal,stealth
APT28,T1071,Application Layer Protocol,command-and-control
APT28,T1074,Data Staged,collection
APT28,T1078,Valid Accounts,stealth|persistence|privilege-escalation|initial-access
APT28,T1083,File and Directory Discovery,discovery
APT28,T1090,Proxy,command-and-control
APT28,T1091,Replication Through Removable Media,lateral-movement|initial-access
APT28,T1092,Communication Through Removable Media,command-and-control
APT28,T1098,Account Manipulation,persistence|privilege-escalation
APT28,T1102,Web Service,command-and-control
APT28,T1105,Ingress Tool Transfer,command-and-control
APT28,T1110,Brute Force,credential-access
APT28,T1113,Screen Capture,collection
APT28,T1114,Email Collection,collection
APT28,T1119,Automated Collection,collection
APT28,T1120,Peripheral Device Discovery,discovery
APT28,T1133,External Remote Services,persistence|initial-access
APT28,T1134,Access Token Manipulation,stealth|privilege-escalation
APT28,T1137,Office Application Startup,persistence
APT28,T1140,Deobfuscate/Decode Files or Information,stealth
APT28,T1189,Drive-by Compromise,initial-access
APT28,T1190,Exploit Public-Facing Application,initial-access
APT28,T1199,Trusted Relationship,initial-access
APT28,T1203,Exploitation for Client Execution,execution
APT28,T1204,User Execution,execution
APT28,T1210,Exploitation of Remote Services,lateral-movement
APT28,T1211,Exploitation for Stealth,stealth
APT28,T1213,Data from Information Repositories,collection
APT28,T1218,System Binary Proxy Execution,stealth
APT28,T1221,Template Injection,stealth
APT28,T1498,Network Denial of Service,impact
APT28,T1505,Server Software Component,persistence
APT28,T1528,Steal Application Access Token,credential-access
APT28,T1542,Pre-OS Boot,stealth|persistence
APT28,T1546,Event Triggered Execution,privilege-escalation|persistence
APT28,T1547,Boot or Logon Autostart Execution,persistence|privilege-escalation
APT28,T1550,Use Alternate Authentication Material,lateral-movement
APT28,T1557,Adversary-in-the-Middle,credential-access|collection
APT28,T1559,Inter-Process Communication,execution
APT28,T1560,Archive Collected Data,collection
APT28,T1564,Hide Artifacts,stealth
APT28,T1566,Phishing,initial-access
APT28,T1567,Exfiltration Over Web Service,exfiltration
APT28,T1573,Encrypted Channel,command-and-control
APT28,T1583,Acquire Infrastructure,resource-development
APT28,T1584,Compromise Infrastructure,resource-development
APT28,T1586,Compromise Accounts,resource-development
APT28,T1588,Obtain Capabilities,resource-development
APT28,T1589,Gather Victim Identity Information,reconnaissance
APT28,T1591,Gather Victim Org Information,reconnaissance
APT28,T1595,Active Scanning,reconnaissance
APT28,T1596,Search Open Technical Databases,reconnaissance
APT28,T1598,Phishing for Information,reconnaissance
APT28,T1669,Wi-Fi Networks,initial-access
APT28,T1684,Social Engineering,stealth
APT28,T1685,Disable or Modify Tools,defense-impairment
APT29,T1003,OS Credential Dumping,credential-access
APT29,T1005,Data from Local System,collection
APT29,T1016,System Network Configuration Discovery,discovery
APT29,T1021,Remote Services,lateral-movement
APT29,T1027,Obfuscated Files or Information,stealth
APT29,T1036,Masquerading,stealth
APT29,T1037,Boot or Logon Initialization Scripts,persistence|privilege-escalation
APT29,T1047,Windows Management Instrumentation,execution
APT29,T1053,Scheduled Task/Job,execution|persistence|privilege-escalation
APT29,T1059,Command and Scripting Interpreter,execution
APT29,T1068,Exploitation for Privilege Escalation,privilege-escalation
APT29,T1070,Indicator Removal,stealth
APT29,T1078,Valid Accounts,stealth|persistence|privilege-escalation|initial-access
APT29,T1087,Account Discovery,discovery
APT29,T1090,Proxy,command-and-control
APT29,T1098,Account Manipulation,persistence|privilege-escalation
APT29,T1105,Ingress Tool Transfer,command-and-control
APT29,T1110,Brute Force,credential-access
APT29,T1114,Email Collection,collection
APT29,T1133,External Remote Services,persistence|initial-access
APT29,T1136,Create Account,persistence
APT29,T1190,Exploit Public-Facing Application,initial-access
APT29,T1199,Trusted Relationship,initial-access
APT29,T1203,Exploitation for Client Execution,execution
APT29,T1204,User Execution,execution
APT29,T1218,System Binary Proxy Execution,stealth
APT29,T1505,Server Software Component,persistence
APT29,T1528,Steal Application Access Token,credential-access
APT29,T1546,Event Triggered Execution,privilege-escalation|persistence
APT29,T1547,Boot or Logon Autostart Execution,persistence|privilege-escalation
APT29,T1548,Abuse Elevation Control Mechanism,privilege-escalation
APT29,T1550,Use Alternate Authentication Material,lateral-movement
APT29,T1553,Subvert Trust Controls,defense-impairment
APT29,T1556,Modify Authentication Process,defense-impairment|persistence|credential-access
APT29,T1566,Phishing,initial-access
APT29,T1568,Dynamic Resolution,command-and-control
APT29,T1573,Encrypted Channel,command-and-control
APT29,T1583,Acquire Infrastructure,resource-development
APT29,T1586,Compromise Accounts,resource-development
APT29,T1587,Develop Capabilities,resource-development
APT29,T1588,Obtain Capabilities,resource-development
APT29,T1595,Active Scanning,reconnaissance
APT29,T1621,Multi-Factor Authentication Request Generation,credential-access
APT29,T1649,Steal or Forge Authentication Certificates,credential-access
APT29,T1651,Cloud Administration Command,execution
APT29,T1665,Hide Infrastructure,command-and-control
APT29,T1685,Disable or Modify Tools,defense-impairment
APT3,T1003,OS Credential Dumping,credential-access
APT3,T1005,Data from Local System,collection
APT3,T1016,System Network Configuration Discovery,discovery
APT3,T1018,Remote System Discovery,discovery
APT3,T1021,Remote Services,lateral-movement
APT3,T1027,Obfuscated Files or Information,stealth
APT3,T1033,System Owner/User Discovery,discovery
APT3,T1036,Masquerading,stealth
APT3,T1041,Exfiltration Over C2 Channel,exfiltration
APT3,T1049,System Network Connections Discovery,discovery
APT3,T1053,Scheduled Task/Job,execution|persistence|privilege-escalation
APT3,T1056,Input Capture,collection|credential-access
APT3,T1057,Process Discovery,discovery
APT3,T1059,Command and Scripting Interpreter,execution
APT3,T1069,Permission Groups Discovery,discovery
APT3,T1070,Indicator Removal,stealth
APT3,T1074,Data Staged,collection
APT3,T1078,Valid Accounts,stealth|persistence|privilege-escalation|initial-access
APT3,T1082,System Information Discovery,discovery
APT3,T1083,File and Directory Discovery,discovery
APT3,T1087,Account Discovery,discovery
APT3,T1090,Proxy,command-and-control
APT3,T1095,Non-Application Layer Protocol,command-and-control
APT3,T1098,Account Manipulation,persistence|privilege-escalation
APT3,T1104,Multi-Stage Channels,command-and-control
APT3,T1105,Ingress Tool Transfer,command-and-control
APT3,T1110,Brute Force,credential-access
APT3,T1136,Create Account,persistence
APT3,T1203,Exploitation for Client Execution,execution
APT3,T1204,User Execution,execution
APT3,T1218,System Binary Proxy Execution,stealth
APT3,T1543,Create or Modify System Process,persistence|privilege-escalation
APT3,T1546,Event Triggered Execution,privilege-escalation|persistence
APT3,T1547,Boot or Logon Autostart Execution,persistence|privilege-escalation
APT3,T1552,Unsecured Credentials,credential-access
APT3,T1555,Credentials from Password Stores,credential-access
APT3,T1560,Archive Collected Data,collection
APT3,T1564,Hide Artifacts,stealth
APT3,T1566,Phishing,initial-access
APT3,T1574,Hijack Execution Flow,stealth|execution
APT30,T1204,User Execution,execution
APT30,T1566,Phishing,initial-access
APT32,T1003,OS Credential Dumping,credential-access
APT32,T1012,Query Registry,discovery
APT32,T1016,System Network Configuration Discovery,discovery
APT32,T1018,Remote System Discovery,discovery
APT32,T1021,Remote Services,lateral-movement
APT32,T1027,Obfuscated Files or Information,stealth
APT32,T1033,System Owner/User Discovery,discovery
APT32,T1036,Masquerading,stealth
APT32,T1041,Exfiltration Over C2 Channel,exfiltration
APT32,T1046,Network Service Discovery,discovery
APT32,T1047,Windows Management Instrumentation,execution
APT32,T1048,Exfiltration Over Alternative Protocol,exfiltration
APT32,T1049,System Network Connections Discovery,discovery
APT32,T1053,Scheduled Task/Job,execution|persistence|privilege-escalation
APT32,T1055,Process Injection,stealth|privilege-escalation
APT32,T1056,Input Capture,collection|credential-access
APT32,T1059,Command and Scripting Interpreter,execution
APT32,T1068,Exploitation for Privilege Escalation,privilege-escalation
APT32,T1070,Indicator Removal,stealth
APT32,T1071,Application Layer Protocol,command-and-control
APT32,T1072,Software Deployment Tools,execution|lateral-movement
APT32,T1078,Valid Accounts,stealth|persistence|privilege-escalation|initial-access
APT32,T1082,System Information Discovery,discovery
APT32,T1083,File and Directory Discovery,discovery
APT32,T1087,Account Discovery,discovery
APT32,T1102,Web Service,command-and-control
APT32,T1105,Ingress Tool Transfer,command-and-control
APT32,T1112,Modify Registry,defense-impairment|persistence
APT32,T1135,Network Share Discovery,discovery
APT32,T1137,Office Application Startup,persistence
APT32,T1189,Drive-by Compromise,initial-access
APT32,T1203,Exploitation for Client Execution,execution
APT32,T1204,User Execution,execution
APT32,T1216,System Script Proxy Execution,stealth
APT32,T1218,System Binary Proxy Execution,stealth
APT32,T1222,File and Directory Permissions Modification,defense-impairment
APT32,T1505,Server Software Component,persistence
APT32,T1543,Create or Modify System Process,persistence|privilege-escalation
APT32,T1547,Boot or Logon Autostart Execution,persistence|privilege-escalation
APT32,T1550,Use Alternate Authentication Material,lateral-movement
APT32,T1552,Unsecured Credentials,credential-access
APT32,T1560,Archive Collected Data,collection
APT32,T1564,Hide Artifacts,stealth
APT32,T1566,Phishing,initial-access
APT32,T1569,System Services,execution
APT32,T1570,Lateral Tool Transfer,lateral-movement
APT32,T1571,Non-Standard Port,command-and-control
APT32,T1574,Hijack Execution Flow,stealth|execution
APT32,T1583,Acquire Infrastructure,resource-development
APT32,T1585,Establish Accounts,resource-development
APT32,T1588,Obtain Capabilities,resource-development
APT32,T1589,Gather Victim Identity Information,reconnaissance
APT32,T1598,Phishing for Information,reconnaissance
APT32,T1608,Stage Capabilities,resource-development
APT32,T1685,Disable or Modify Tools,defense-impairment
APT33,T1003,OS Credential Dumping,credential-access
APT33,T1027,Obfuscated Files or Information,stealth
APT33,T1040,Network Sniffing,credential-access|discovery
APT33,T1048,Exfiltration Over Alternative Protocol,exfiltration
APT33,T1053,Scheduled Task/Job,execution|persistence|privilege-escalation
APT33,T1059,Command and Scripting Interpreter,execution
APT33,T1068,Exploitation for Privilege Escalation,privilege-escalation
APT33,T1071,Application Layer Protocol,command-and-control
APT33,T1078,Valid Accounts,stealth|persistence|privilege-escalation|initial-access
APT33,T1105,Ingress Tool Transfer,command-and-control
APT33,T1110,Brute Force,credential-access
APT33,T1132,Data Encoding,command-and-control
APT33,T1203,Exploitation for Client Execution,execution
APT33,T1204,User Execution,execution
APT33,T1546,Event Triggered Execution,privilege-escalation|persistence
APT33,T1547,Boot or Logon Autostart Execution,persistence|privilege-escalation
APT33,T1552,Unsecured Credentials,credential-access
APT33,T1555,Credentials from Password Stores,credential-access
APT33,T1560,Archive Collected Data,collection
APT33,T1566,Phishing,initial-access
APT33,T1571,Non-Standard Port,command-and-control
APT33,T1573,Encrypted Channel,command-and-control
APT33,T1588,Obtain Capabilities,resource-development
APT37,T1005,Data from Local System,collection
APT37,T1027,Obfuscated Files or Information,stealth
APT37,T1033,System Owner/User Discovery,discovery
APT37,T1036,Masquerading,stealth
APT37,T1053,Scheduled Task/Job,execution|persistence|privilege-escalation
APT37,T1055,Process Injection,stealth|privilege-escalation
APT37,T1057,Process Discovery,discovery
APT37,T1059,Command and Scripting Interpreter,execution
APT37,T1071,Application Layer Protocol,command-and-control
APT37,T1082,System Information Discovery,discovery
APT37,T1102,Web Service,command-and-control
APT37,T1105,Ingress Tool Transfer,command-and-control
APT37,T1106,Native API,execution
APT37,T1120,Peripheral Device Discovery,discovery
APT37,T1123,Audio Capture,collection
APT37,T1189,Drive-by Compromise,initial-access
APT37,T1203,Exploitation for Client Execution,execution
APT37,T1204,User Execution,execution
APT37,T1529,System Shutdown/Reboot,impact
APT37,T1547,Boot or Logon Autostart Execution,persistence|privilege-escalation
APT37,T1548,Abuse Elevation Control Mechanism,privilege-escalation
APT37,T1555,Credentials from Password Stores,credential-access
APT37,T1559,Inter-Process Communication,execution
APT37,T1561,Disk Wipe,impact
APT37,T1566,Phishing,initial-access
APT38,T1005,Data from Local System,collection
APT38,T1027,Obfuscated Files or Information,stealth
APT38,T1033,System Owner/User Discovery,discovery
APT38,T1036,Masquerading,stealth
APT38,T1049,System Network Connections Discovery,discovery
APT38,T1053,Scheduled Task/Job,execution|persistence|privilege-escalation
APT38,T1055,Process Injection,stealth|privilege-escalation
APT38,T1056,Input Capture,collection|credential-access
APT38,T1057,Process Discovery,discovery
APT38,T1059,Command and Scripting Interpreter,execution
APT38,T1070,Indicator Removal,stealth
APT38,T1071,Application Layer Protocol,command-and-control
APT38,T1082,System Information Discovery,discovery
APT38,T1083,File and Directory Discovery,discovery
APT38,T1105,Ingress Tool Transfer,command-and-control
APT38,T1106,Native API,execution
APT38,T1110,Brute Force,credential-access
APT38,T1112,Modify Registry,defense-impairment|persistence
APT38,T1115,Clipboard Data,collection
APT38,T1135,Network Share Discovery,discovery
APT38,T1140,Deobfuscate/Decode Files or Information,stealth
APT38,T1189,Drive-by Compromise,initial-access
APT38,T1204,User Execution,execution
APT38,T1217,Browser Information Discovery,discovery
APT38,T1218,System Binary Proxy Execution,stealth
APT38,T1480,Execution Guardrails,stealth
APT38,T1485,Data Destruction,impact
APT38,T1486,Data Encrypted for Impact,impact
APT38,T1505,Server Software Component,persistence
APT38,T1518,Software Discovery,discovery
APT38,T1529,System Shutdown/Reboot,impact
APT38,T1543,Create or Modify System Process,persistence|privilege-escalation
APT38,T1548,Abuse Elevation Control Mechanism,privilege-escalation
APT38,T1553,Subvert Trust Controls,defense-impairment
APT38,T1561,Disk Wipe,impact
APT38,T1565,Data Manipulation,impact
APT38,T1566,Phishing,initial-access
APT38,T1569,System Services,execution
APT38,T1583,Acquire Infrastructure,resource-development
APT38,T1588,Obtain Capabilities,resource-development
APT38,T1685,Disable or Modify Tools,defense-impairment
APT38,T1686,Disable or Modify System Firewall,defense-impairment
APT38,T1690,Prevent Command History Logging,defense-impairment
APT39,T1003,OS Credential Dumping,credential-access
APT39,T1005,Data from Local System,collection
APT39,T1012,Query Registry,discovery
APT39,T1018,Remote System Discovery,discovery
APT39,T1021,Remote Services,lateral-movement
APT39,T1027,Obfuscated Files or Information,stealth
APT39,T1033,System Owner/User Discovery,discovery
APT39,T1036,Masquerading,stealth
APT39,T1041,Exfiltration Over C2 Channel,exfiltration
APT39,T1046,Network Service Discovery,discovery
APT39,T1053,Scheduled Task/Job,execution|persistence|privilege-escalation
APT39,T1056,Input Capture,collection|credential-access
APT39,T1059,Command and Scripting Interpreter,execution
APT39,T1070,Indicator Removal,stealth
APT39,T1071,Application Layer Protocol,command-and-control
APT39,T1074,Data Staged,collection
APT39,T1078,Valid Accounts,stealth|persistence|privilege-escalation|initial-access
APT39,T1083,File and Directory Discovery,discovery
APT39,T1090,Proxy,command-and-control
APT39,T1102,Web Service,command-and-control
APT39,T1105,Ingress Tool Transfer,command-and-control
APT39,T1110,Brute Force,credential-access
APT39,T1113,Screen Capture,collection
APT39,T1115,Clipboard Data,collection
APT39,T1135,Network Share Discovery,discovery
APT39,T1136,Create Account,persistence
APT39,T1140,Deobfuscate/Decode Files or Information,stealth
APT39,T1190,Exploit Public-Facing Application,initial-access
APT39,T1197,BITS Jobs,stealth|persistence|execution
APT39,T1204,User Execution,execution
APT39,T1505,Server Software Component,persistence
APT39,T1546,Event Triggered Execution,privilege-escalation|persistence
APT39,T1547,Boot or Logon Autostart Execution,persistence|privilege-escalation
APT39,T1553,Subvert Trust Controls,defense-impairment
APT39,T1555,Credentials from Password Stores,credential-access
APT39,T1560,Archive Collected Data,collection
APT39,T1566,Phishing,initial-access
APT39,T1569,System Services,execution
APT39,T1588,Obtain Capabilities,resource-development
APT41,T1003,OS Credential Dumping,credential-access
APT41,T1005,Data from Local System,collection
APT41,T1008,Fallback Channels,command-and-control
APT41,T1012,Query Registry,discovery
APT41,T1014,Rootkit,stealth
APT41,T1016,System Network Configuration Discovery,discovery
APT41,T1018,Remote System Discovery,discovery
APT41,T1021,Remote Services,lateral-movement
APT41,T1027,Obfuscated Files or Information,stealth
APT41,T1030,Data Transfer Size Limits,exfiltration
APT41,T1033,System Owner/User Discovery,discovery
APT41,T1036,Masquerading,stealth
APT41,T1037,Boot or Logon Initialization Scripts,persistence|privilege-escalation
APT41,T1046,Network Service Discovery,discovery
APT41,T1047,Windows Management Instrumentation,execution
APT41,T1049,System Network Connections Discovery,discovery
APT41,T1053,Scheduled Task/Job,execution|persistence|privilege-escalation
APT41,T1055,Process Injection,stealth|privilege-escalation
APT41,T1056,Input Capture,collection|credential-access
APT41,T1059,Command and Scripting Interpreter,execution
APT41,T1069,Permission Groups Discovery,discovery
APT41,T1070,Indicator Removal,stealth
APT41,T1071,Application Layer Protocol,command-and-control
APT41,T1078,Valid Accounts,stealth|persistence|privilege-escalation|initial-access
APT41,T1082,System Information Discovery,discovery
APT41,T1083,File and Directory Discovery,discovery
APT41,T1087,Account Discovery,discovery
APT41,T1090,Proxy,command-and-control
APT41,T1098,Account Manipulation,persistence|privilege-escalation
APT41,T1102,Web Service,command-and-control
APT41,T1104,Multi-Stage Channels,command-and-control
APT41,T1105,Ingress Tool Transfer,command-and-control
APT41,T1110,Brute Force,credential-access
APT41,T1112,Modify Registry,defense-impairment|persistence
APT41,T1133,External Remote Services,persistence|initial-access
APT41,T1135,Network Share Discovery,discovery
APT41,T1136,Create Account,persistence
APT41,T1190,Exploit Public-Facing Application,initial-access
APT41,T1195,Supply Chain Compromise,initial-access
APT41,T1197,BITS Jobs,stealth|persistence|execution
APT41,T1203,Exploitation for Client Execution,execution
APT41,T1213,Data from Information Repositories,collection
APT41,T1218,System Binary Proxy Execution,stealth
APT41,T1480,Execution Guardrails,stealth
APT41,T1484,Domain or Tenant Policy Modification,defense-impairment|privilege-escalation
APT41,T1486,Data Encrypted for Impact,impact
APT41,T1496,Resource Hijacking,impact
APT41,T1542,Pre-OS Boot,stealth|persistence
APT41,T1543,Create or Modify System Process,persistence|privilege-escalation
APT41,T1546,Event Triggered Execution,privilege-escalation|persistence
APT41,T1547,Boot or Logon Autostart Execution,persistence|privilege-escalation
APT41,T1550,Use Alternate Authentication Material,lateral-movement
APT41,T1553,Subvert Trust Controls,defense-impairment
APT41,T1555,Credentials from Password Stores,credential-access
APT41,T1560,Archive Collected Data,collection
APT41,T1566,Phishing,initial-access
APT41,T1568,Dynamic Resolution,command-and-control
APT41,T1569,System Services,execution
APT41,T1570,Lateral Tool Transfer,lateral-movement
APT41,T1574,Hijack Execution Flow,stealth|execution
APT41,T1588,Obtain Capabilities,resource-development
APT41,T1595,Active Scanning,reconnaissance
APT41,T1596,Search Open Technical Databases,reconnaissance
APT41,T1599,Network Boundary Bridging,defense-impairment
APT41,T1684,Social Engineering,stealth
APT41,T1685,Disable or Modify Tools,defense-impairment
APT42,T1016,System Network Configuration Discovery,discovery
APT42,T1036,Masquerading,stealth
APT42,T1047,Windows Management Instrumentation,execution
APT42,T1053,Scheduled Task/Job,execution|persistence|privilege-escalation
APT42,T1056,Input Capture,collection|credential-access
APT42,T1059,Command and Scripting Interpreter,execution
APT42,T1070,Indicator Removal,stealth
APT42,T1071,Application Layer Protocol,command-and-control
APT42,T1082,System Information Discovery,discovery
APT42,T1087,Account Discovery,discovery
APT42,T1102,Web Service,command-and-control
APT42,T1111,Multi-Factor Authentication Interception,credential-access
APT42,T1112,Modify Registry,defense-impairment|persistence
APT42,T1113,Screen Capture,collection
APT42,T1132,Data Encoding,command-and-control
APT42,T1518,Software Discovery,discovery
APT42,T1530,Data from Cloud Storage,collection
APT42,T1539,Steal Web Session Cookie,credential-access
APT42,T1547,Boot or Logon Autostart Execution,persistence|privilege-escalation
APT42,T1555,Credentials from Password Stores,credential-access
APT42,T1566,Phishing,initial-access
APT42,T1573,Encrypted Channel,command-and-control
APT42,T1583,Acquire Infrastructure,resource-development
APT42,T1585,Establish Accounts,resource-development
APT42,T1588,Obtain Capabilities,resource-development
APT42,T1608,Stage Capabilities,resource-development
APT42,T1682,Query Public AI Services,reconnaissance
APT42,T1684,Social Engineering,stealth
APT5,T1003,OS Credential Dumping,credential-access
APT5,T1021,Remote Services,lateral-movement
APT5,T1036,Masquerading,stealth
APT5,T1049,System Network Connections Discovery,discovery
APT5,T1053,Scheduled Task/Job,execution|persistence|privilege-escalation
APT5,T1055,Process Injection,stealth|privilege-escalation
APT5,T1056,Input Capture,collection|credential-access
APT5,T1057,Process Discovery,discovery
APT5,T1059,Command and Scripting Interpreter,execution
APT5,T1070,Indicator Removal,stealth
APT5,T1074,Data Staged,collection
APT5,T1078,Valid Accounts,stealth|persistence|privilege-escalation|initial-access
APT5,T1083,File and Directory Discovery,discovery
APT5,T1098,Account Manipulation,persistence|privilege-escalation
APT5,T1136,Create Account,persistence
APT5,T1190,Exploit Public-Facing Application,initial-access
APT5,T1505,Server Software Component,persistence
APT5,T1554,Compromise Host Software Binary,persistence
APT5,T1560,Archive Collected Data,collection
APT5,T1583,Acquire Infrastructure,resource-development
APT5,T1654,Log Enumeration,discovery
APT5,T1685,Disable or Modify Tools,defense-impairment
Aquatic Panda,T1003,OS Credential Dumping,credential-access
Aquatic Panda,T1005,Data from Local System,collection
Aquatic Panda,T1007,System Service Discovery,discovery
Aquatic Panda,T1021,Remote Services,lateral-movement
Aquatic Panda,T1027,Obfuscated Files or Information,stealth
Aquatic Panda,T1033,System Owner/User Discovery,discovery
Aquatic Panda,T1036,Masquerading,stealth
Aquatic Panda,T1047,Windows Management Instrumentation,execution
Aquatic Panda,T1059,Command and Scripting Interpreter,execution
Aquatic Panda,T1070,Indicator Removal,stealth
Aquatic Panda,T1078,Valid Accounts,stealth|persistence|privilege-escalation|initial-access
Aquatic Panda,T1082,System Information Discovery,discovery
Aquatic Panda,T1087,Account Discovery,discovery
Aquatic Panda,T1105,Ingress Tool Transfer,command-and-control
Aquatic Panda,T1112,Modify Registry,defense-impairment|persistence
Aquatic Panda,T1218,System Binary Proxy Execution,stealth
Aquatic Panda,T1518,Software Discovery,discovery
Aquatic Panda,T1543,Create or Modify System Process,persistence|privilege-escalation
Aquatic Panda,T1550,Use Alternate Authentication Material,lateral-movement
Aquatic Panda,T1560,Archive Collected Data,collection
Aquatic Panda,T1574,Hijack Execution Flow,stealth|execution
Aquatic Panda,T1588,Obtain Capabilities,resource-development
Aquatic Panda,T1595,Active Scanning,reconnaissance
Aquatic Panda,T1654,Log Enumeration,discovery
Aquatic Panda,T1685,Disable or Modify Tools,defense-impairment
Axiom,T1001,Data Obfuscation,command-and-control
Axiom,T1003,OS Credential Dumping,credential-access
Axiom,T1005,Data from Local System,collection
Axiom,T1021,Remote Services,lateral-movement
Axiom,T1078,Valid Accounts,stealth|persistence|privilege-escalation|initial-access
Axiom,T1189,Drive-by Compromise,initial-access
Axiom,T1190,Exploit Public-Facing Application,initial-access
Axiom,T1203,Exploitation for Client Execution,execution
Axiom,T1546,Event Triggered Execution,privilege-escalation|persistence
Axiom,T1553,Subvert Trust Controls,defense-impairment
Axiom,T1560,Archive Collected Data,collection
Axiom,T1563,Remote Service Session Hijacking,lateral-movement
Axiom,T1566,Phishing,initial-access
Axiom,T1583,Acquire Infrastructure,resource-development
Axiom,T1584,Compromise Infrastructure,resource-development
BackdoorDiplomacy,T1027,Obfuscated Files or Information,stealth
BackdoorDiplomacy,T1036,Masquerading,stealth
BackdoorDiplomacy,T1046,Network Service Discovery,discovery
BackdoorDiplomacy,T1049,System Network Connections Discovery,discovery
BackdoorDiplomacy,T1055,Process Injection,stealth|privilege-escalation
BackdoorDiplomacy,T1074,Data Staged,collection
BackdoorDiplomacy,T1095,Non-Application Layer Protocol,command-and-control
BackdoorDiplomacy,T1105,Ingress Tool Transfer,command-and-control
BackdoorDiplomacy,T1120,Peripheral Device Discovery,discovery
BackdoorDiplomacy,T1190,Exploit Public-Facing Application,initial-access
BackdoorDiplomacy,T1505,Server Software Component,persistence
BackdoorDiplomacy,T1574,Hijack Execution Flow,stealth|execution
BackdoorDiplomacy,T1588,Obtain Capabilities,resource-development
BITTER,T1027,Obfuscated Files or Information,stealth
BITTER,T1036,Masquerading,stealth
BITTER,T1053,Scheduled Task/Job,execution|persistence|privilege-escalation
BITTER,T1068,Exploitation for Privilege Escalation,privilege-escalation
BITTER,T1071,Application Layer Protocol,command-and-control
BITTER,T1095,Non-Application Layer Protocol,command-and-control
BITTER,T1105,Ingress Tool Transfer,command-and-control
BITTER,T1203,Exploitation for Client Execution,execution
BITTER,T1204,User Execution,execution
BITTER,T1559,Inter-Process Communication,execution
BITTER,T1566,Phishing,initial-access
BITTER,T1568,Dynamic Resolution,command-and-control
BITTER,T1573,Encrypted Channel,command-and-control
BITTER,T1583,Acquire Infrastructure,resource-development
BITTER,T1588,Obtain Capabilities,resource-development
BITTER,T1608,Stage Capabilities,resource-development
BlackByte,T1003,OS Credential Dumping,credential-access
BlackByte,T1012,Query Registry,discovery
BlackByte,T1016,System Network Configuration Discovery,discovery
BlackByte,T1018,Remote System Discovery,discovery
BlackByte,T1021,Remote Services,lateral-movement
BlackByte,T1036,Masquerading,stealth
BlackByte,T1041,Exfiltration Over C2 Channel,exfiltration
BlackByte,T1046,Network Service Discovery,discovery
BlackByte,T1047,Windows Management Instrumentation,execution
BlackByte,T1053,Scheduled Task/Job,execution|persistence|privilege-escalation
BlackByte,T1055,Process Injection,stealth|privilege-escalation
BlackByte,T1059,Command and Scripting Interpreter,execution
BlackByte,T1068,Exploitation for Privilege Escalation,privilege-escalation
BlackByte,T1070,Indicator Removal,stealth
BlackByte,T1071,Application Layer Protocol,command-and-control
BlackByte,T1078,Valid Accounts,stealth|persistence|privilege-escalation|initial-access
BlackByte,T1082,System Information Discovery,discovery
BlackByte,T1087,Account Discovery,discovery
BlackByte,T1105,Ingress Tool Transfer,command-and-control
BlackByte,T1112,Modify Registry,defense-impairment|persistence
BlackByte,T1134,Access Token Manipulation,stealth|privilege-escalation
BlackByte,T1135,Network Share Discovery,discovery
BlackByte,T1136,Create Account,persistence
BlackByte,T1140,Deobfuscate/Decode Files or Information,stealth
BlackByte,T1190,Exploit Public-Facing Application,initial-access
BlackByte,T1219,Remote Access Tools,command-and-control
BlackByte,T1480,Execution Guardrails,stealth
BlackByte,T1482,Domain Trust Discovery,discovery
BlackByte,T1486,Data Encrypted for Impact,impact
BlackByte,T1490,Inhibit System Recovery,impact
BlackByte,T1491,Defacement,impact
BlackByte,T1505,Server Software Component,persistence
BlackByte,T1518,Software Discovery,discovery
BlackByte,T1543,Create or Modify System Process,persistence|privilege-escalation
BlackByte,T1547,Boot or Logon Autostart Execution,persistence|privilege-escalation
BlackByte,T1560,Archive Collected Data,collection
BlackByte,T1567,Exfiltration Over Web Service,exfiltration
BlackByte,T1569,System Services,execution
BlackByte,T1570,Lateral Tool Transfer,lateral-movement
BlackByte,T1583,Acquire Infrastructure,resource-development
BlackByte,T1608,Stage Capabilities,resource-development
BlackByte,T1614,System Location Discovery,discovery
BlackByte,T1685,Disable or Modify Tools,defense-impairment
BlackByte,T1686,Disable or Modify System Firewall,defense-impairment
BlackOasis,T1027,Obfuscated Files or Information,stealth
BlackTech,T1021,Remote Services,lateral-movement
BlackTech,T1036,Masquerading,stealth
BlackTech,T1046,Network Service Discovery,discovery
BlackTech,T1106,Native API,execution
BlackTech,T1190,Exploit Public-Facing Application,initial-access
BlackTech,T1203,Exploitation for Client Execution,execution
BlackTech,T1204,User Execution,execution
BlackTech,T1566,Phishing,initial-access
BlackTech,T1574,Hijack Execution Flow,stealth|execution
BlackTech,T1588,Obtain Capabilities,resource-development
Blue Mockingbird,T1003,OS Credential Dumping,credential-access
Blue Mockingbird,T1021,Remote Services,lateral-movement
Blue Mockingbird,T1027,Obfuscated Files or Information,stealth
Blue Mockingbird,T1036,Masquerading,stealth
Blue Mockingbird,T1047,Windows Management Instrumentation,execution
Blue Mockingbird,T1053,Scheduled Task/Job,execution|persistence|privilege-escalation
Blue Mockingbird,T1059,Command and Scripting Interpreter,execution
Blue Mockingbird,T1082,System Information Discovery,discovery
Blue Mockingbird,T1090,Proxy,command-and-control
Blue Mockingbird,T1112,Modify Registry,defense-impairment|persistence
Blue Mockingbird,T1134,Access Token Manipulation,stealth|privilege-escalation
Blue Mockingbird,T1190,Exploit Public-Facing Application,initial-access
Blue Mockingbird,T1218,System Binary Proxy Execution,stealth
Blue Mockingbird,T1496,Resource Hijacking,impact
Blue Mockingbird,T1543,Create or Modify System Process,persistence|privilege-escalation
Blue Mockingbird,T1546,Event Triggered Execution,privilege-escalation|persistence
Blue Mockingbird,T1569,System Services,execution
Blue Mockingbird,T1574,Hijack Execution Flow,stealth|execution
Blue Mockingbird,T1588,Obtain Capabilities,resource-development
BRONZE BUTLER,T1003,OS Credential Dumping,credential-access
BRONZE BUTLER,T1005,Data from Local System,collection
BRONZE BUTLER,T1007,System Service Discovery,discovery
BRONZE BUTLER,T1018,Remote System Discovery,discovery
BRONZE BUTLER,T1027,Obfuscated Files or Information,stealth
BRONZE BUTLER,T1036,Masquerading,stealth
BRONZE BUTLER,T1039,Data from Network Shared Drive,collection
BRONZE BUTLER,T1053,Scheduled Task/Job,execution|persistence|privilege-escalation
BRONZE BUTLER,T1059,Command and Scripting Interpreter,execution
BRONZE BUTLER,T1070,Indicator Removal,stealth
BRONZE BUTLER,T1071,Application Layer Protocol,command-and-control
BRONZE BUTLER,T1080,Taint Shared Content,lateral-movement
BRONZE BUTLER,T1083,File and Directory Discovery,discovery
BRONZE BUTLER,T1087,Account Discovery,discovery
BRONZE BUTLER,T1102,Web Service,command-and-control
BRONZE BUTLER,T1105,Ingress Tool Transfer,command-and-control
BRONZE BUTLER,T1113,Screen Capture,collection
BRONZE BUTLER,T1124,System Time Discovery,discovery
BRONZE BUTLER,T1132,Data Encoding,command-and-control
BRONZE BUTLER,T1140,Deobfuscate/Decode Files or Information,stealth
BRONZE BUTLER,T1189,Drive-by Compromise,initial-access
BRONZE BUTLER,T1203,Exploitation for Client Execution,execution
BRONZE BUTLER,T1204,User Execution,execution
BRONZE BUTLER,T1518,Software Discovery,discovery
BRONZE BUTLER,T1547,Boot or Logon Autostart Execution,persistence|privilege-escalation
BRONZE BUTLER,T1548,Abuse Elevation Control Mechanism,privilege-escalation
BRONZE BUTLER,T1550,Use Alternate Authentication Material,lateral-movement
BRONZE BUTLER,T1560,Archive Collected Data,collection
BRONZE BUTLER,T1566,Phishing,initial-access
BRONZE BUTLER,T1573,Encrypted Channel,command-and-control
BRONZE BUTLER,T1574,Hijack Execution Flow,stealth|execution
BRONZE BUTLER,T1588,Obtain Capabilities,resource-development
BRONZE BUTLER,T1685,Disable or Modify Tools,defense-impairment
Carbanak,T1036,Masquerading,stealth
Carbanak,T1078,Valid Accounts,stealth|persistence|privilege-escalation|initial-access
Carbanak,T1102,Web Service,command-and-control
Carbanak,T1218,System Binary Proxy Execution,stealth
Carbanak,T1219,Remote Access Tools,command-and-control
Carbanak,T1543,Create or Modify System Process,persistence|privilege-escalation
Carbanak,T1588,Obtain Capabilities,resource-development
Carbanak,T1686,Disable or Modify System Firewall,defense-impairment
Chimera,T1003,OS Credential Dumping,credential-access
Chimera,T1007,System Service Discovery,discovery
Chimera,T1012,Query Registry,discovery
Chimera,T1016,System Network Configuration Discovery,discovery
Chimera,T1018,Remote System Discovery,discovery
Chimera,T1021,Remote Services,lateral-movement
Chimera,T1027,Obfuscated Files or Information,stealth
Chimera,T1033,System Owner/User Discovery,discovery
Chimera,T1036,Masquerading,stealth
Chimera,T1039,Data from Network Shared Drive,collection
Chimera,T1041,Exfiltration Over C2 Channel,exfiltration
Chimera,T1046,Network Service Discovery,discovery
Chimera,T1047,Windows Management Instrumentation,execution
Chimera,T1049,System Network Connections Discovery,discovery
Chimera,T1053,Scheduled Task/Job,execution|persistence|privilege-escalation
Chimera,T1057,Process Discovery,discovery
Chimera,T1059,Command and Scripting Interpreter,execution
Chimera,T1069,Permission Groups Discovery,discovery
Chimera,T1070,Indicator Removal,stealth
Chimera,T1071,Application Layer Protocol,command-and-control
Chimera,T1074,Data Staged,collection
Chimera,T1078,Valid Accounts,stealth|persistence|privilege-escalation|initial-access
Chimera,T1083,File and Directory Discovery,discovery
Chimera,T1087,Account Discovery,discovery
Chimera,T1105,Ingress Tool Transfer,command-and-control
Chimera,T1106,Native API,execution
Chimera,T1110,Brute Force,credential-access
Chimera,T1111,Multi-Factor Authentication Interception,credential-access
Chimera,T1114,Email Collection,collection
Chimera,T1119,Automated Collection,collection
Chimera,T1124,System Time Discovery,discovery
Chimera,T1133,External Remote Services,persistence|initial-access
Chimera,T1135,Network Share Discovery,discovery
Chimera,T1201,Password Policy Discovery,discovery
Chimera,T1213,Data from Information Repositories,collection
Chimera,T1217,Browser Information Discovery,discovery
Chimera,T1482,Domain Trust Discovery,discovery
Chimera,T1550,Use Alternate Authentication Material,lateral-movement
Chimera,T1556,Modify Authentication Process,defense-impairment|persistence|credential-access
Chimera,T1560,Archive Collected Data,collection
Chimera,T1567,Exfiltration Over Web Service,exfiltration
Chimera,T1569,System Services,execution
Chimera,T1570,Lateral Tool Transfer,lateral-movement
Chimera,T1572,Protocol Tunneling,command-and-control
Chimera,T1574,Hijack Execution Flow,stealth|execution
Chimera,T1588,Obtain Capabilities,resource-development
Chimera,T1589,Gather Victim Identity Information,reconnaissance
Chimera,T1680,Local Storage Discovery,discovery
Chimera,T1685,Disable or Modify Tools,defense-impairment
Cinnamon Tempest,T1021,Remote Services,lateral-movement
Cinnamon Tempest,T1047,Windows Management Instrumentation,execution
Cinnamon Tempest,T1059,Command and Scripting Interpreter,execution
Cinnamon Tempest,T1078,Valid Accounts,stealth|persistence|privilege-escalation|initial-access
Cinnamon Tempest,T1080,Taint Shared Content,lateral-movement
Cinnamon Tempest,T1090,Proxy,command-and-control
Cinnamon Tempest,T1105,Ingress Tool Transfer,command-and-control
Cinnamon Tempest,T1140,Deobfuscate/Decode Files or Information,stealth
Cinnamon Tempest,T1190,Exploit Public-Facing Application,initial-access
Cinnamon Tempest,T1484,Domain or Tenant Policy Modification,defense-impairment|privilege-escalation
Cinnamon Tempest,T1543,Create or Modify System Process,persistence|privilege-escalation
Cinnamon Tempest,T1567,Exfiltration Over Web Service,exfiltration
Cinnamon Tempest,T1572,Protocol Tunneling,command-and-control
Cinnamon Tempest,T1574,Hijack Execution Flow,stealth|execution
Cinnamon Tempest,T1588,Obtain Capabilities,resource-development
Cinnamon Tempest,T1657,Financial Theft,impact
Cleaver,T1003,OS Credential Dumping,credential-access
Cleaver,T1557,Adversary-in-the-Middle,credential-access|collection
Cleaver,T1585,Establish Accounts,resource-development
Cleaver,T1587,Develop Capabilities,resource-development
Cleaver,T1588,Obtain Capabilities,resource-development
Cobalt Group,T1021,Remote Services,lateral-movement
Cobalt Group,T1027,Obfuscated Files or Information,stealth
Cobalt Group,T1037,Boot or Logon Initialization Scripts,persistence|privilege-escalation
Cobalt Group,T1046,Network Service Discovery,discovery
Cobalt Group,T1053,Scheduled Task/Job,execution|persistence|privilege-escalation
Cobalt Group,T1055,Process Injection,stealth|privilege-escalation
Cobalt Group,T1059,Command and Scripting Interpreter,execution
Cobalt Group,T1068,Exploitation for Privilege Escalation,privilege-escalation
Cobalt Group,T1070,Indicator Removal,stealth
Cobalt Group,T1071,Application Layer Protocol,command-and-control
Cobalt Group,T1105,Ingress Tool Transfer,command-and-control
Cobalt Group,T1195,Supply Chain Compromise,initial-access
Cobalt Group,T1203,Exploitation for Client Execution,execution
Cobalt Group,T1204,User Execution,execution
Cobalt Group,T1218,System Binary Proxy Execution,stealth
Cobalt Group,T1219,Remote Access Tools,command-and-control
Cobalt Group,T1220,XSL Script Processing,stealth
Cobalt Group,T1518,Software Discovery,discovery
Cobalt Group,T1543,Create or Modify System Process,persistence|privilege-escalation
Cobalt Group,T1547,Boot or Logon Autostart Execution,persistence|privilege-escalation
Cobalt Group,T1548,Abuse Elevation Control Mechanism,privilege-escalation
Cobalt Group,T1559,Inter-Process Communication,execution
Cobalt Group,T1566,Phishing,initial-access
Cobalt Group,T1572,Protocol Tunneling,command-and-control
Cobalt Group,T1573,Encrypted Channel,command-and-control
Cobalt Group,T1588,Obtain Capabilities,resource-development
Confucius,T1041,Exfiltration Over C2 Channel,exfiltration
Confucius,T1053,Scheduled Task/Job,execution|persistence|privilege-escalation
Confucius,T1059,Command and Scripting Interpreter,execution
Confucius,T1071,Application Layer Protocol,command-and-control
Confucius,T1083,File and Directory Discovery,discovery
Confucius,T1105,Ingress Tool Transfer,command-and-control
Confucius,T1119,Automated Collection,collection
Confucius,T1203,Exploitation for Client Execution,execution
Confucius,T1204,User Execution,execution
Confucius,T1218,System Binary Proxy Execution,stealth
Confucius,T1221,Template Injection,stealth
Confucius,T1547,Boot or Logon Autostart Execution,persistence|privilege-escalation
Confucius,T1566,Phishing,initial-access
Confucius,T1567,Exfiltration Over Web Service,exfiltration
Confucius,T1583,Acquire Infrastructure,resource-development
Confucius,T1680,Local Storage Discovery,discovery
Contagious Interview,T1027,Obfuscated Files or Information,stealth
Contagious Interview,T1036,Masquerading,stealth
Contagious Interview,T1041,Exfiltration Over C2 Channel,exfiltration
Contagious Interview,T1048,Exfiltration Over Alternative Protocol,exfiltration
Contagious Interview,T1059,Command and Scripting Interpreter,execution
Contagious Interview,T1070,Indicator Removal,stealth
Contagious Interview,T1071,Application Layer Protocol,command-and-control
Contagious Interview,T1082,System Information Discovery,discovery
Contagious Interview,T1083,File and Directory Discovery,discovery
Contagious Interview,T1090,Proxy,command-and-control
Contagious Interview,T1204,User Execution,execution
Contagious Interview,T1219,Remote Access Tools,command-and-control
Contagious Interview,T1480,Execution Guardrails,stealth
Contagious Interview,T1497,Virtualization/Sandbox Evasion,stealth|discovery
Contagious Interview,T1543,Create or Modify System Process,persistence|privilege-escalation
Contagious Interview,T1546,Event Triggered Execution,privilege-escalation|persistence
Contagious Interview,T1547,Boot or Logon Autostart Execution,persistence|privilege-escalation
Contagious Interview,T1555,Credentials from Password Stores,credential-access
Contagious Interview,T1566,Phishing,initial-access
Contagious Interview,T1567,Exfiltration Over Web Service,exfiltration
Contagious Interview,T1571,Non-Standard Port,command-and-control
Contagious Interview,T1573,Encrypted Channel,command-and-control
Contagious Interview,T1583,Acquire Infrastructure,resource-development
Contagious Interview,T1585,Establish Accounts,resource-development
Contagious Interview,T1587,Develop Capabilities,resource-development
Contagious Interview,T1588,Obtain Capabilities,resource-development
Contagious Interview,T1589,Gather Victim Identity Information,reconnaissance
Contagious Interview,T1593,Search Open Websites/Domains,reconnaissance
Contagious Interview,T1608,Stage Capabilities,resource-development
Contagious Interview,T1657,Financial Theft,impact
Contagious Interview,T1681,Search Threat Vendor Data,reconnaissance
Contagious Interview,T1683,Generate Content,resource-development
Contagious Interview,T1684,Social Engineering,stealth
Contagious Interview,T1685,Disable or Modify Tools,defense-impairment
CopyKittens,T1059,Command and Scripting Interpreter,execution
CopyKittens,T1090,Proxy,command-and-control
CopyKittens,T1218,System Binary Proxy Execution,stealth
CopyKittens,T1553,Subvert Trust Controls,defense-impairment
CopyKittens,T1560,Archive Collected Data,collection
CopyKittens,T1564,Hide Artifacts,stealth
CopyKittens,T1588,Obtain Capabilities,resource-development
CURIUM,T1005,Data from Local System,collection
CURIUM,T1041,Exfiltration Over C2 Channel,exfiltration
CURIUM,T1048,Exfiltration Over Alternative Protocol,exfiltration
CURIUM,T1059,Command and Scripting Interpreter,execution
CURIUM,T1082,System Information Discovery,discovery
CURIUM,T1124,System Time Discovery,discovery
CURIUM,T1189,Drive-by Compromise,initial-access
CURIUM,T1204,User Execution,execution
CURIUM,T1505,Server Software Component,persistence
CURIUM,T1566,Phishing,initial-access
CURIUM,T1583,Acquire Infrastructure,resource-development
CURIUM,T1584,Compromise Infrastructure,resource-development
CURIUM,T1585,Establish Accounts,resource-development
CURIUM,T1598,Phishing for Information,reconnaissance
CURIUM,T1608,Stage Capabilities,resource-development
Daggerfly,T1003,OS Credential Dumping,credential-access
Daggerfly,T1012,Query Registry,discovery
Daggerfly,T1036,Masquerading,stealth
Daggerfly,T1053,Scheduled Task/Job,execution|persistence|privilege-escalation
Daggerfly,T1059,Command and Scripting Interpreter,execution
Daggerfly,T1071,Application Layer Protocol,command-and-control
Daggerfly,T1082,System Information Discovery,discovery
Daggerfly,T1105,Ingress Tool Transfer,command-and-control
Daggerfly,T1136,Create Account,persistence
Daggerfly,T1189,Drive-by Compromise,initial-access
Daggerfly,T1195,Supply Chain Compromise,initial-access
Daggerfly,T1204,User Execution,execution
Daggerfly,T1218,System Binary Proxy Execution,stealth
Daggerfly,T1553,Subvert Trust Controls,defense-impairment
Daggerfly,T1574,Hijack Execution Flow,stealth|execution
Daggerfly,T1584,Compromise Infrastructure,resource-development
Daggerfly,T1587,Develop Capabilities,resource-development
Dark Caracal,T1005,Data from Local System,collection
Dark Caracal,T1027,Obfuscated Files or Information,stealth
Dark Caracal,T1059,Command and Scripting Interpreter,execution
Dark Caracal,T1071,Application Layer Protocol,command-and-control
Dark Caracal,T1083,File and Directory Discovery,discovery
Dark Caracal,T1113,Screen Capture,collection
Dark Caracal,T1189,Drive-by Compromise,initial-access
Dark Caracal,T1204,User Execution,execution
Dark Caracal,T1218,System Binary Proxy Execution,stealth
Dark Caracal,T1547,Boot or Logon Autostart Execution,persistence|privilege-escalation
Dark Caracal,T1566,Phishing,initial-access
Darkhotel,T1016,System Network Configuration Discovery,discovery
Darkhotel,T1027,Obfuscated Files or Information,stealth
Darkhotel,T1036,Masquerading,stealth
Darkhotel,T1056,Input Capture,collection|credential-access
Darkhotel,T1057,Process Discovery,discovery
Darkhotel,T1059,Command and Scripting Interpreter,execution
Darkhotel,T1080,Taint Shared Content,lateral-movement
Darkhotel,T1082,System Information Discovery,discovery
Darkhotel,T1083,File and Directory Discovery,discovery
Darkhotel,T1091,Replication Through Removable Media,lateral-movement|initial-access
Darkhotel,T1105,Ingress Tool Transfer,command-and-control
Darkhotel,T1124,System Time Discovery,discovery
Darkhotel,T1140,Deobfuscate/Decode Files or Information,stealth
Darkhotel,T1189,Drive-by Compromise,initial-access
Darkhotel,T1203,Exploitation for Client Execution,execution
Darkhotel,T1204,User Execution,execution
Darkhotel,T1497,Virtualization/Sandbox Evasion,stealth|discovery
Darkhotel,T1518,Software Discovery,discovery
Darkhotel,T1547,Boot or Logon Autostart Execution,persistence|privilege-escalation
Darkhotel,T1553,Subvert Trust Controls,defense-impairment
Darkhotel,T1566,Phishing,initial-access
Darkhotel,T1573,Encrypted Channel,command-and-control
DarkHydrus,T1059,Command and Scripting Interpreter,execution
DarkHydrus,T1187,Forced Authentication,credential-access
DarkHydrus,T1204,User Execution,execution
DarkHydrus,T1221,Template Injection,stealth
DarkHydrus,T1564,Hide Artifacts,stealth
DarkHydrus,T1566,Phishing,initial-access
DarkHydrus,T1588,Obtain Capabilities,resource-development
DarkVishnya,T1040,Network Sniffing,credential-access|discovery
DarkVishnya,T1046,Network Service Discovery,discovery
DarkVishnya,T1059,Command and Scripting Interpreter,execution
DarkVishnya,T1110,Brute Force,credential-access
DarkVishnya,T1135,Network Share Discovery,discovery
DarkVishnya,T1200,Hardware Additions,initial-access
DarkVishnya,T1219,Remote Access Tools,command-and-control
DarkVishnya,T1543,Create or Modify System Process,persistence|privilege-escalation
DarkVishnya,T1571,Non-Standard Port,command-and-control
DarkVishnya,T1588,Obtain Capabilities,resource-development
Deep Panda,T1018,Remote System Discovery,discovery
Deep Panda,T1021,Remote Services,lateral-movement
Deep Panda,T1027,Obfuscated Files or Information,stealth
Deep Panda,T1047,Windows Management Instrumentation,execution
Deep Panda,T1057,Process Discovery,discovery
Deep Panda,T1059,Command and Scripting Interpreter,execution
Deep Panda,T1218,System Binary Proxy Execution,stealth
Deep Panda,T1505,Server Software Component,persistence
Deep Panda,T1546,Event Triggered Execution,privilege-escalation|persistence
Deep Panda,T1564,Hide Artifacts,stealth
Dragonfly,T1003,OS Credential Dumping,credential-access
Dragonfly,T1005,Data from Local System,collection
Dragonfly,T1012,Query Registry,discovery
Dragonfly,T1016,System Network Configuration Discovery,discovery
Dragonfly,T1018,Remote System Discovery,discovery
Dragonfly,T1021,Remote Services,lateral-movement
Dragonfly,T1033,System Owner/User Discovery,discovery
Dragonfly,T1036,Masquerading,stealth
Dragonfly,T1053,Scheduled Task/Job,execution|persistence|privilege-escalation
Dragonfly,T1059,Command and Scripting Interpreter,execution
Dragonfly,T1069,Permission Groups Discovery,discovery
Dragonfly,T1070,Indicator Removal,stealth
Dragonfly,T1071,Application Layer Protocol,command-and-control
Dragonfly,T1074,Data Staged,collection
Dragonfly,T1078,Valid Accounts,stealth|persistence|privilege-escalation|initial-access
Dragonfly,T1083,File and Directory Discovery,discovery
Dragonfly,T1087,Account Discovery,discovery
Dragonfly,T1098,Account Manipulation,persistence|privilege-escalation
Dragonfly,T1105,Ingress Tool Transfer,command-and-control
Dragonfly,T1110,Brute Force,credential-access
Dragonfly,T1112,Modify Registry,defense-impairment|persistence
Dragonfly,T1113,Screen Capture,collection
Dragonfly,T1114,Email Collection,collection
Dragonfly,T1133,External Remote Services,persistence|initial-access
Dragonfly,T1135,Network Share Discovery,discovery
Dragonfly,T1136,Create Account,persistence
Dragonfly,T1187,Forced Authentication,credential-access
Dragonfly,T1189,Drive-by Compromise,initial-access
Dragonfly,T1190,Exploit Public-Facing Application,initial-access
Dragonfly,T1195,Supply Chain Compromise,initial-access
Dragonfly,T1203,Exploitation for Client Execution,execution
Dragonfly,T1204,User Execution,execution
Dragonfly,T1210,Exploitation of Remote Services,lateral-movement
Dragonfly,T1221,Template Injection,stealth
Dragonfly,T1505,Server Software Component,persistence
Dragonfly,T1547,Boot or Logon Autostart Execution,persistence|privilege-escalation
Dragonfly,T1560,Archive Collected Data,collection
Dragonfly,T1564,Hide Artifacts,stealth
Dragonfly,T1566,Phishing,initial-access
Dragonfly,T1583,Acquire Infrastructure,resource-development
Dragonfly,T1584,Compromise Infrastructure,resource-development
Dragonfly,T1588,Obtain Capabilities,resource-development
Dragonfly,T1591,Gather Victim Org Information,reconnaissance
Dragonfly,T1595,Active Scanning,reconnaissance
Dragonfly,T1598,Phishing for Information,reconnaissance
Dragonfly,T1608,Stage Capabilities,resource-development
Dragonfly,T1685,Disable or Modify Tools,defense-impairment
Dragonfly,T1686,Disable or Modify System Firewall,defense-impairment
Earth Lusca,T1003,OS Credential Dumping,credential-access
Earth Lusca,T1007,System Service Discovery,discovery
Earth Lusca,T1016,System Network Configuration Discovery,discovery
Earth Lusca,T1018,Remote System Discovery,discovery
Earth Lusca,T1027,Obfuscated Files or Information,stealth
Earth Lusca,T1033,System Owner/User Discovery,discovery
Earth Lusca,T1036,Masquerading,stealth
Earth Lusca,T1047,Windows Management Instrumentation,execution
Earth Lusca,T1049,System Network Connections Discovery,discovery
Earth Lusca,T1053,Scheduled Task/Job,execution|persistence|privilege-escalation
Earth Lusca,T1057,Process Discovery,discovery
Earth Lusca,T1059,Command and Scripting Interpreter,execution
Earth Lusca,T1090,Proxy,command-and-control
Earth Lusca,T1098,Account Manipulation,persistence|privilege-escalation
Earth Lusca,T1112,Modify Registry,defense-impairment|persistence
Earth Lusca,T1140,Deobfuscate/Decode Files or Information,stealth
Earth Lusca,T1189,Drive-by Compromise,initial-access
Earth Lusca,T1190,Exploit Public-Facing Application,initial-access
Earth Lusca,T1204,User Execution,execution
Earth Lusca,T1210,Exploitation of Remote Services,lateral-movement
Earth Lusca,T1218,System Binary Proxy Execution,stealth
Earth Lusca,T1482,Domain Trust Discovery,discovery
Earth Lusca,T1543,Create or Modify System Process,persistence|privilege-escalation
Earth Lusca,T1547,Boot or Logon Autostart Execution,persistence|privilege-escalation
Earth Lusca,T1548,Abuse Elevation Control Mechanism,privilege-escalation
Earth Lusca,T1560,Archive Collected Data,collection
Earth Lusca,T1566,Phishing,initial-access
Earth Lusca,T1567,Exfiltration Over Web Service,exfiltration
Earth Lusca,T1574,Hijack Execution Flow,stealth|execution
Earth Lusca,T1583,Acquire Infrastructure,resource-development
Earth Lusca,T1584,Compromise Infrastructure,resource-development
Earth Lusca,T1588,Obtain Capabilities,resource-development
Earth Lusca,T1595,Active Scanning,reconnaissance
Earth Lusca,T1608,Stage Capabilities,resource-development
Elderwood,T1027,Obfuscated Files or Information,stealth
Elderwood,T1105,Ingress Tool Transfer,command-and-control
Elderwood,T1189,Drive-by Compromise,initial-access
Elderwood,T1203,Exploitation for Client Execution,execution
Elderwood,T1204,User Execution,execution
Elderwood,T1566,Phishing,initial-access
Ember Bear,T1003,OS Credential Dumping,credential-access
Ember Bear,T1005,Data from Local System,collection
Ember Bear,T1018,Remote System Discovery,discovery
Ember Bear,T1021,Remote Services,lateral-movement
Ember Bear,T1036,Masquerading,stealth
Ember Bear,T1046,Network Service Discovery,discovery
Ember Bear,T1047,Windows Management Instrumentation,execution
Ember Bear,T1053,Scheduled Task/Job,execution|persistence|privilege-escalation
Ember Bear,T1059,Command and Scripting Interpreter,execution
Ember Bear,T1070,Indicator Removal,stealth
Ember Bear,T1071,Application Layer Protocol,command-and-control
Ember Bear,T1078,Valid Accounts,stealth|persistence|privilege-escalation|initial-access
Ember Bear,T1090,Proxy,command-and-control
Ember Bear,T1095,Non-Application Layer Protocol,command-and-control
Ember Bear,T1110,Brute Force,credential-access
Ember Bear,T1112,Modify Registry,defense-impairment|persistence
Ember Bear,T1114,Email Collection,collection
Ember Bear,T1119,Automated Collection,collection
Ember Bear,T1125,Video Capture,collection
Ember Bear,T1133,External Remote Services,persistence|initial-access
Ember Bear,T1190,Exploit Public-Facing Application,initial-access
Ember Bear,T1195,Supply Chain Compromise,initial-access
Ember Bear,T1203,Exploitation for Client Execution,execution
Ember Bear,T1210,Exploitation of Remote Services,lateral-movement
Ember Bear,T1491,Defacement,impact
Ember Bear,T1505,Server Software Component,persistence
Ember Bear,T1550,Use Alternate Authentication Material,lateral-movement
Ember Bear,T1552,Unsecured Credentials,credential-access
Ember Bear,T1560,Archive Collected Data,collection
Ember Bear,T1561,Disk Wipe,impact
Ember Bear,T1567,Exfiltration Over Web Service,exfiltration
Ember Bear,T1570,Lateral Tool Transfer,lateral-movement
Ember Bear,T1571,Non-Standard Port,command-and-control
Ember Bear,T1572,Protocol Tunneling,command-and-control
Ember Bear,T1583,Acquire Infrastructure,resource-development
Ember Bear,T1585,Establish Accounts,resource-development
Ember Bear,T1588,Obtain Capabilities,resource-development
Ember Bear,T1595,Active Scanning,reconnaissance
Ember Bear,T1654,Log Enumeration,discovery
Equation,T1120,Peripheral Device Discovery,discovery
Equation,T1480,Execution Guardrails,stealth
Equation,T1542,Pre-OS Boot,stealth|persistence
Equation,T1564,Hide Artifacts,stealth
Evilnum,T1059,Command and Scripting Interpreter,execution
Evilnum,T1070,Indicator Removal,stealth
Evilnum,T1105,Ingress Tool Transfer,command-and-control
Evilnum,T1204,User Execution,execution
Evilnum,T1219,Remote Access Tools,command-and-control
Evilnum,T1497,Virtualization/Sandbox Evasion,stealth|discovery
Evilnum,T1539,Steal Web Session Cookie,credential-access
Evilnum,T1548,Abuse Elevation Control Mechanism,privilege-escalation
Evilnum,T1555,Credentials from Password Stores,credential-access
Evilnum,T1566,Phishing,initial-access
Evilnum,T1574,Hijack Execution Flow,stealth|execution
EXOTIC LILY,T1102,Web Service,command-and-control
EXOTIC LILY,T1203,Exploitation for Client Execution,execution
EXOTIC LILY,T1204,User Execution,execution
EXOTIC LILY,T1566,Phishing,initial-access
EXOTIC LILY,T1583,Acquire Infrastructure,resource-development
EXOTIC LILY,T1585,Establish Accounts,resource-development
EXOTIC LILY,T1589,Gather Victim Identity Information,reconnaissance
EXOTIC LILY,T1593,Search Open Websites/Domains,reconnaissance
EXOTIC LILY,T1594,Search Victim-Owned Websites,reconnaissance
EXOTIC LILY,T1597,Search Closed Sources,reconnaissance
EXOTIC LILY,T1608,Stage Capabilities,resource-development
Ferocious Kitten,T1036,Masquerading,stealth
Ferocious Kitten,T1204,User Execution,execution
Ferocious Kitten,T1566,Phishing,initial-access
Ferocious Kitten,T1583,Acquire Infrastructure,resource-development
Ferocious Kitten,T1588,Obtain Capabilities,resource-development
FIN10,T1021,Remote Services,lateral-movement
FIN10,T1033,System Owner/User Discovery,discovery
FIN10,T1053,Scheduled Task/Job,execution|persistence|privilege-escalation
FIN10,T1059,Command and Scripting Interpreter,execution
FIN10,T1070,Indicator Removal,stealth
FIN10,T1078,Valid Accounts,stealth|persistence|privilege-escalation|initial-access
FIN10,T1547,Boot or Logon Autostart Execution,persistence|privilege-escalation
FIN10,T1570,Lateral Tool Transfer,lateral-movement
FIN10,T1588,Obtain Capabilities,resource-development
FIN13,T1003,OS Credential Dumping,credential-access
FIN13,T1005,Data from Local System,collection
FIN13,T1016,System Network Configuration Discovery,discovery
FIN13,T1021,Remote Services,lateral-movement
FIN13,T1036,Masquerading,stealth
FIN13,T1046,Network Service Discovery,discovery
FIN13,T1047,Windows Management Instrumentation,execution
FIN13,T1049,System Network Connections Discovery,discovery
FIN13,T1053,Scheduled Task/Job,execution|persistence|privilege-escalation
FIN13,T1056,Input Capture,collection|credential-access
FIN13,T1059,Command and Scripting Interpreter,execution
FIN13,T1069,Permission Groups Discovery,discovery
FIN13,T1071,Application Layer Protocol,command-and-control
FIN13,T1074,Data Staged,collection
FIN13,T1078,Valid Accounts,stealth|persistence|privilege-escalation|initial-access
FIN13,T1082,System Information Discovery,discovery
FIN13,T1083,File and Directory Discovery,discovery
FIN13,T1087,Account Discovery,discovery
FIN13,T1090,Proxy,command-and-control
FIN13,T1098,Account Manipulation,persistence|privilege-escalation
FIN13,T1105,Ingress Tool Transfer,command-and-control
FIN13,T1133,External Remote Services,persistence|initial-access
FIN13,T1134,Access Token Manipulation,stealth|privilege-escalation
FIN13,T1135,Network Share Discovery,discovery
FIN13,T1136,Create Account,persistence
FIN13,T1140,Deobfuscate/Decode Files or Information,stealth
FIN13,T1190,Exploit Public-Facing Application,initial-access
FIN13,T1505,Server Software Component,persistence
FIN13,T1547,Boot or Logon Autostart Execution,persistence|privilege-escalation
FIN13,T1550,Use Alternate Authentication Material,lateral-movement
FIN13,T1552,Unsecured Credentials,credential-access
FIN13,T1556,Modify Authentication Process,defense-impairment|persistence|credential-access
FIN13,T1560,Archive Collected Data,collection
FIN13,T1564,Hide Artifacts,stealth
FIN13,T1565,Data Manipulation,impact
FIN13,T1572,Protocol Tunneling,command-and-control
FIN13,T1574,Hijack Execution Flow,stealth|execution
FIN13,T1587,Develop Capabilities,resource-development
FIN13,T1588,Obtain Capabilities,resource-development
FIN13,T1589,Gather Victim Identity Information,reconnaissance
FIN13,T1590,Gather Victim Network Information,reconnaissance
FIN13,T1657,Financial Theft,impact
FIN4,T1056,Input Capture,collection|credential-access
FIN4,T1059,Command and Scripting Interpreter,execution
FIN4,T1071,Application Layer Protocol,command-and-control
FIN4,T1078,Valid Accounts,stealth|persistence|privilege-escalation|initial-access
FIN4,T1090,Proxy,command-and-control
FIN4,T1114,Email Collection,collection
FIN4,T1204,User Execution,execution
FIN4,T1564,Hide Artifacts,stealth
FIN4,T1566,Phishing,initial-access
FIN5,T1018,Remote System Discovery,discovery
FIN5,T1059,Command and Scripting Interpreter,execution
FIN5,T1070,Indicator Removal,stealth
FIN5,T1074,Data Staged,collection
FIN5,T1078,Valid Accounts,stealth|persistence|privilege-escalation|initial-access
FIN5,T1090,Proxy,command-and-control
FIN5,T1110,Brute Force,credential-access
FIN5,T1119,Automated Collection,collection
FIN5,T1133,External Remote Services,persistence|initial-access
FIN5,T1588,Obtain Capabilities,resource-development
FIN5,T1685,Disable or Modify Tools,defense-impairment
FIN6,T1003,OS Credential Dumping,credential-access
FIN6,T1005,Data from Local System,collection
FIN6,T1018,Remote System Discovery,discovery
FIN6,T1021,Remote Services,lateral-movement
FIN6,T1027,Obfuscated Files or Information,stealth
FIN6,T1036,Masquerading,stealth
FIN6,T1046,Network Service Discovery,discovery
FIN6,T1047,Windows Management Instrumentation,execution
FIN6,T1048,Exfiltration Over Alternative Protocol,exfiltration
FIN6,T1053,Scheduled Task/Job,execution|persistence|privilege-escalation
FIN6,T1059,Command and Scripting Interpreter,execution
FIN6,T1068,Exploitation for Privilege Escalation,privilege-escalation
FIN6,T1070,Indicator Removal,stealth
FIN6,T1074,Data Staged,collection
FIN6,T1078,Valid Accounts,stealth|persistence|privilege-escalation|initial-access
FIN6,T1087,Account Discovery,discovery
FIN6,T1095,Non-Application Layer Protocol,command-and-control
FIN6,T1102,Web Service,command-and-control
FIN6,T1110,Brute Force,credential-access
FIN6,T1119,Automated Collection,collection
FIN6,T1134,Access Token Manipulation,stealth|privilege-escalation
FIN6,T1204,User Execution,execution
FIN6,T1213,Data from Information Repositories,collection
FIN6,T1547,Boot or Logon Autostart Execution,persistence|privilege-escalation
FIN6,T1553,Subvert Trust Controls,defense-impairment
FIN6,T1555,Credentials from Password Stores,credential-access
FIN6,T1560,Archive Collected Data,collection
FIN6,T1566,Phishing,initial-access
FIN6,T1569,System Services,execution
FIN6,T1572,Protocol Tunneling,command-and-control
FIN6,T1573,Encrypted Channel,command-and-control
FIN6,T1588,Obtain Capabilities,resource-development
FIN6,T1685,Disable or Modify Tools,defense-impairment
FIN7,T1005,Data from Local System,collection
FIN7,T1008,Fallback Channels,command-and-control
FIN7,T1021,Remote Services,lateral-movement
FIN7,T1027,Obfuscated Files or Information,stealth
FIN7,T1033,System Owner/User Discovery,discovery
FIN7,T1036,Masquerading,stealth
FIN7,T1047,Windows Management Instrumentation,execution
FIN7,T1053,Scheduled Task/Job,execution|persistence|privilege-escalation
FIN7,T1057,Process Discovery,discovery
FIN7,T1059,Command and Scripting Interpreter,execution
FIN7,T1069,Permission Groups Discovery,discovery
FIN7,T1071,Application Layer Protocol,command-and-control
FIN7,T1078,Valid Accounts,stealth|persistence|privilege-escalation|initial-access
FIN7,T1082,System Information Discovery,discovery
FIN7,T1087,Account Discovery,discovery
FIN7,T1091,Replication Through Removable Media,lateral-movement|initial-access
FIN7,T1102,Web Service,command-and-control
FIN7,T1105,Ingress Tool Transfer,command-and-control
FIN7,T1113,Screen Capture,collection
FIN7,T1124,System Time Discovery,discovery
FIN7,T1125,Video Capture,collection
FIN7,T1140,Deobfuscate/Decode Files or Information,stealth
FIN7,T1190,Exploit Public-Facing Application,initial-access
FIN7,T1195,Supply Chain Compromise,initial-access
FIN7,T1204,User Execution,execution
FIN7,T1210,Exploitation of Remote Services,lateral-movement
FIN7,T1218,System Binary Proxy Execution,stealth
FIN7,T1219,Remote Access Tools,command-and-control
FIN7,T1486,Data Encrypted for Impact,impact
FIN7,T1497,Virtualization/Sandbox Evasion,stealth|discovery
FIN7,T1543,Create or Modify System Process,persistence|privilege-escalation
FIN7,T1546,Event Triggered Execution,privilege-escalation|persistence
FIN7,T1547,Boot or Logon Autostart Execution,persistence|privilege-escalation
FIN7,T1553,Subvert Trust Controls,defense-impairment
FIN7,T1558,Steal or Forge Kerberos Tickets,credential-access
FIN7,T1559,Inter-Process Communication,execution
FIN7,T1564,Hide Artifacts,stealth
FIN7,T1566,Phishing,initial-access
FIN7,T1567,Exfiltration Over Web Service,exfiltration
FIN7,T1569,System Services,execution
FIN7,T1571,Non-Standard Port,command-and-control
FIN7,T1572,Protocol Tunneling,command-and-control
FIN7,T1583,Acquire Infrastructure,resource-development
FIN7,T1587,Develop Capabilities,resource-development
FIN7,T1588,Obtain Capabilities,resource-development
FIN7,T1591,Gather Victim Org Information,reconnaissance
FIN7,T1608,Stage Capabilities,resource-development
FIN7,T1620,Reflective Code Loading,stealth
FIN7,T1674,Input Injection,execution
FIN7,T1686,Disable or Modify System Firewall,defense-impairment
FIN8,T1003,OS Credential Dumping,credential-access
FIN8,T1016,System Network Configuration Discovery,discovery
FIN8,T1018,Remote System Discovery,discovery
FIN8,T1021,Remote Services,lateral-movement
FIN8,T1027,Obfuscated Files or Information,stealth
FIN8,T1033,System Owner/User Discovery,discovery
FIN8,T1047,Windows Management Instrumentation,execution
FIN8,T1048,Exfiltration Over Alternative Protocol,exfiltration
FIN8,T1053,Scheduled Task/Job,execution|persistence|privilege-escalation
FIN8,T1055,Process Injection,stealth|privilege-escalation
FIN8,T1059,Command and Scripting Interpreter,execution
FIN8,T1068,Exploitation for Privilege Escalation,privilege-escalation
FIN8,T1070,Indicator Removal,stealth
FIN8,T1071,Application Layer Protocol,command-and-control
FIN8,T1074,Data Staged,collection
FIN8,T1078,Valid Accounts,stealth|persistence|privilege-escalation|initial-access
FIN8,T1082,System Information Discovery,discovery
FIN8,T1102,Web Service,command-and-control
FIN8,T1105,Ingress Tool Transfer,command-and-control
FIN8,T1112,Modify Registry,defense-impairment|persistence
FIN8,T1134,Access Token Manipulation,stealth|privilege-escalation
FIN8,T1204,User Execution,execution
FIN8,T1482,Domain Trust Discovery,discovery
FIN8,T1486,Data Encrypted for Impact,impact
FIN8,T1518,Software Discovery,discovery
FIN8,T1546,Event Triggered Execution,privilege-escalation|persistence
FIN8,T1560,Archive Collected Data,collection
FIN8,T1566,Phishing,initial-access
FIN8,T1573,Encrypted Channel,command-and-control
FIN8,T1588,Obtain Capabilities,resource-development
FIN8,T1685,Disable or Modify Tools,defense-impairment
Fox Kitten,T1003,OS Credential Dumping,credential-access
Fox Kitten,T1005,Data from Local System,collection
Fox Kitten,T1012,Query Registry,discovery
Fox Kitten,T1018,Remote System Discovery,discovery
Fox Kitten,T1021,Remote Services,lateral-movement
Fox Kitten,T1027,Obfuscated Files or Information,stealth
Fox Kitten,T1036,Masquerading,stealth
Fox Kitten,T1039,Data from Network Shared Drive,collection
Fox Kitten,T1046,Network Service Discovery,discovery
Fox Kitten,T1053,Scheduled Task/Job,execution|persistence|privilege-escalation
Fox Kitten,T1059,Command and Scripting Interpreter,execution
Fox Kitten,T1078,Valid Accounts,stealth|persistence|privilege-escalation|initial-access
Fox Kitten,T1083,File and Directory Discovery,discovery
Fox Kitten,T1087,Account Discovery,discovery
Fox Kitten,T1090,Proxy,command-and-control
Fox Kitten,T1102,Web Service,command-and-control
Fox Kitten,T1105,Ingress Tool Transfer,command-and-control
Fox Kitten,T1110,Brute Force,credential-access
Fox Kitten,T1136,Create Account,persistence
Fox Kitten,T1190,Exploit Public-Facing Application,initial-access
Fox Kitten,T1210,Exploitation of Remote Services,lateral-movement
Fox Kitten,T1213,Data from Information Repositories,collection
Fox Kitten,T1217,Browser Information Discovery,discovery
Fox Kitten,T1505,Server Software Component,persistence
Fox Kitten,T1530,Data from Cloud Storage,collection
Fox Kitten,T1546,Event Triggered Execution,privilege-escalation|persistence
Fox Kitten,T1552,Unsecured Credentials,credential-access
Fox Kitten,T1555,Credentials from Password Stores,credential-access
Fox Kitten,T1560,Archive Collected Data,collection
Fox Kitten,T1572,Protocol Tunneling,command-and-control
Fox Kitten,T1585,Establish Accounts,resource-development
GALLIUM,T1003,OS Credential Dumping,credential-access
GALLIUM,T1005,Data from Local System,collection
GALLIUM,T1016,System Network Configuration Discovery,discovery
GALLIUM,T1018,Remote System Discovery,discovery
GALLIUM,T1027,Obfuscated Files or Information,stealth
GALLIUM,T1033,System Owner/User Discovery,discovery
GALLIUM,T1036,Masquerading,stealth
GALLIUM,T1041,Exfiltration Over C2 Channel,exfiltration
GALLIUM,T1047,Windows Management Instrumentation,execution
GALLIUM,T1049,System Network Connections Discovery,discovery
GALLIUM,T1053,Scheduled Task/Job,execution|persistence|privilege-escalation
GALLIUM,T1059,Command and Scripting Interpreter,execution
GALLIUM,T1074,Data Staged,collection
GALLIUM,T1078,Valid Accounts,stealth|persistence|privilege-escalation|initial-access
GALLIUM,T1090,Proxy,command-and-control
GALLIUM,T1105,Ingress Tool Transfer,command-and-control
GALLIUM,T1133,External Remote Services,persistence|initial-access
GALLIUM,T1136,Create Account,persistence
GALLIUM,T1190,Exploit Public-Facing Application,initial-access
GALLIUM,T1505,Server Software Component,persistence
GALLIUM,T1550,Use Alternate Authentication Material,lateral-movement
GALLIUM,T1553,Subvert Trust Controls,defense-impairment
GALLIUM,T1560,Archive Collected Data,collection
GALLIUM,T1570,Lateral Tool Transfer,lateral-movement
GALLIUM,T1574,Hijack Execution Flow,stealth|execution
GALLIUM,T1583,Acquire Infrastructure,resource-development
GALLIUM,T1588,Obtain Capabilities,resource-development
Gallmaker,T1027,Obfuscated Files or Information,stealth
Gallmaker,T1059,Command and Scripting Interpreter,execution
Gallmaker,T1204,User Execution,execution
Gallmaker,T1559,Inter-Process Communication,execution
Gallmaker,T1560,Archive Collected Data,collection
Gallmaker,T1566,Phishing,initial-access
Gamaredon Group,T1001,Data Obfuscation,command-and-control
Gamaredon Group,T1005,Data from Local System,collection
Gamaredon Group,T1012,Query Registry,discovery
Gamaredon Group,T1016,System Network Configuration Discovery,discovery
Gamaredon Group,T1020,Automated Exfiltration,exfiltration
Gamaredon Group,T1021,Remote Services,lateral-movement
Gamaredon Group,T1025,Data from Removable Media,collection
Gamaredon Group,T1027,Obfuscated Files or Information,stealth
Gamaredon Group,T1033,System Owner/User Discovery,discovery
Gamaredon Group,T1036,Masquerading,stealth
Gamaredon Group,T1039,Data from Network Shared Drive,collection
Gamaredon Group,T1041,Exfiltration Over C2 Channel,exfiltration
Gamaredon Group,T1047,Windows Management Instrumentation,execution
Gamaredon Group,T1053,Scheduled Task/Job,execution|persistence|privilege-escalation
Gamaredon Group,T1055,Process Injection,stealth|privilege-escalation
Gamaredon Group,T1057,Process Discovery,discovery
Gamaredon Group,T1059,Command and Scripting Interpreter,execution
Gamaredon Group,T1070,Indicator Removal,stealth
Gamaredon Group,T1071,Application Layer Protocol,command-and-control
Gamaredon Group,T1080,Taint Shared Content,lateral-movement
Gamaredon Group,T1082,System Information Discovery,discovery
Gamaredon Group,T1083,File and Directory Discovery,discovery
Gamaredon Group,T1090,Proxy,command-and-control
Gamaredon Group,T1091,Replication Through Removable Media,lateral-movement|initial-access
Gamaredon Group,T1095,Non-Application Layer Protocol,command-and-control
Gamaredon Group,T1102,Web Service,command-and-control
Gamaredon Group,T1105,Ingress Tool Transfer,command-and-control
Gamaredon Group,T1106,Native API,execution
Gamaredon Group,T1112,Modify Registry,defense-impairment|persistence
Gamaredon Group,T1113,Screen Capture,collection
Gamaredon Group,T1119,Automated Collection,collection
Gamaredon Group,T1120,Peripheral Device Discovery,discovery
Gamaredon Group,T1137,Office Application Startup,persistence
Gamaredon Group,T1140,Deobfuscate/Decode Files or Information,stealth
Gamaredon Group,T1204,User Execution,execution
Gamaredon Group,T1218,System Binary Proxy Execution,stealth
Gamaredon Group,T1221,Template Injection,stealth
Gamaredon Group,T1480,Execution Guardrails,stealth
Gamaredon Group,T1491,Defacement,impact
Gamaredon Group,T1497,Virtualization/Sandbox Evasion,stealth|discovery
Gamaredon Group,T1518,Software Discovery,discovery
Gamaredon Group,T1534,Internal Spearphishing,lateral-movement
Gamaredon Group,T1547,Boot or Logon Autostart Execution,persistence|privilege-escalation
Gamaredon Group,T1559,Inter-Process Communication,execution
Gamaredon Group,T1561,Disk Wipe,impact
Gamaredon Group,T1564,Hide Artifacts,stealth
Gamaredon Group,T1566,Phishing,initial-access
Gamaredon Group,T1568,Dynamic Resolution,command-and-control
Gamaredon Group,T1571,Non-Standard Port,command-and-control
Gamaredon Group,T1583,Acquire Infrastructure,resource-development
Gamaredon Group,T1587,Develop Capabilities,resource-development
Gamaredon Group,T1588,Obtain Capabilities,resource-development
Gamaredon Group,T1608,Stage Capabilities,resource-development
Gamaredon Group,T1620,Reflective Code Loading,stealth
Gamaredon Group,T1685,Disable or Modify Tools,defense-impairment
GCMAN,T1021,Remote Services,lateral-movement
GOLD SOUTHFIELD,T1027,Obfuscated Files or Information,stealth
GOLD SOUTHFIELD,T1059,Command and Scripting Interpreter,execution
GOLD SOUTHFIELD,T1113,Screen Capture,collection
GOLD SOUTHFIELD,T1133,External Remote Services,persistence|initial-access
GOLD SOUTHFIELD,T1190,Exploit Public-Facing Application,initial-access
GOLD SOUTHFIELD,T1195,Supply Chain Compromise,initial-access
GOLD SOUTHFIELD,T1199,Trusted Relationship,initial-access
GOLD SOUTHFIELD,T1219,Remote Access Tools,command-and-control
GOLD SOUTHFIELD,T1566,Phishing,initial-access
Gorgon Group,T1055,Process Injection,stealth|privilege-escalation
Gorgon Group,T1059,Command and Scripting Interpreter,execution
Gorgon Group,T1105,Ingress Tool Transfer,command-and-control
Gorgon Group,T1106,Native API,execution
Gorgon Group,T1112,Modify Registry,defense-impairment|persistence
Gorgon Group,T1140,Deobfuscate/Decode Files or Information,stealth
Gorgon Group,T1204,User Execution,execution
Gorgon Group,T1547,Boot or Logon Autostart Execution,persistence|privilege-escalation
Gorgon Group,T1564,Hide Artifacts,stealth
Gorgon Group,T1566,Phishing,initial-access
Gorgon Group,T1588,Obtain Capabilities,resource-development
Gorgon Group,T1685,Disable or Modify Tools,defense-impairment
Group5,T1027,Obfuscated Files or Information,stealth
Group5,T1056,Input Capture,collection|credential-access
Group5,T1070,Indicator Removal,stealth
Group5,T1113,Screen Capture,collection
HAFNIUM,T1003,OS Credential Dumping,credential-access
HAFNIUM,T1005,Data from Local System,collection
HAFNIUM,T1016,System Network Configuration Discovery,discovery
HAFNIUM,T1018,Remote System Discovery,discovery
HAFNIUM,T1033,System Owner/User Discovery,discovery
HAFNIUM,T1057,Process Discovery,discovery
HAFNIUM,T1059,Command and Scripting Interpreter,execution
HAFNIUM,T1068,Exploitation for Privilege Escalation,privilege-escalation
HAFNIUM,T1071,Application Layer Protocol,command-and-control
HAFNIUM,T1078,Valid Accounts,stealth|persistence|privilege-escalation|initial-access
HAFNIUM,T1083,File and Directory Discovery,discovery
HAFNIUM,T1095,Non-Application Layer Protocol,command-and-control
HAFNIUM,T1098,Account Manipulation,persistence|privilege-escalation
HAFNIUM,T1105,Ingress Tool Transfer,command-and-control
HAFNIUM,T1110,Brute Force,credential-access
HAFNIUM,T1114,Email Collection,collection
HAFNIUM,T1119,Automated Collection,collection
HAFNIUM,T1132,Data Encoding,command-and-control
HAFNIUM,T1136,Create Account,persistence
HAFNIUM,T1190,Exploit Public-Facing Application,initial-access
HAFNIUM,T1199,Trusted Relationship,initial-access
HAFNIUM,T1213,Data from Information Repositories,collection
HAFNIUM,T1218,System Binary Proxy Execution,stealth
HAFNIUM,T1505,Server Software Component,persistence
HAFNIUM,T1530,Data from Cloud Storage,collection
HAFNIUM,T1550,Use Alternate Authentication Material,lateral-movement
HAFNIUM,T1555,Credentials from Password Stores,credential-access
HAFNIUM,T1560,Archive Collected Data,collection
HAFNIUM,T1564,Hide Artifacts,stealth
HAFNIUM,T1567,Exfiltration Over Web Service,exfiltration
HAFNIUM,T1583,Acquire Infrastructure,resource-development
HAFNIUM,T1584,Compromise Infrastructure,resource-development
HAFNIUM,T1589,Gather Victim Identity Information,reconnaissance
HAFNIUM,T1590,Gather Victim Network Information,reconnaissance
HAFNIUM,T1592,Gather Victim Host Information,reconnaissance
HAFNIUM,T1593,Search Open Websites/Domains,reconnaissance
HAFNIUM,T1685,Disable or Modify Tools,defense-impairment
HEXANE,T1010,Application Window Discovery,discovery
HEXANE,T1016,System Network Configuration Discovery,discovery
HEXANE,T1018,Remote System Discovery,discovery
HEXANE,T1021,Remote Services,lateral-movement
HEXANE,T1027,Obfuscated Files or Information,stealth
HEXANE,T1033,System Owner/User Discovery,discovery
HEXANE,T1049,System Network Connections Discovery,discovery
HEXANE,T1053,Scheduled Task/Job,execution|persistence|privilege-escalation
HEXANE,T1056,Input Capture,collection|credential-access
HEXANE,T1057,Process Discovery,discovery
HEXANE,T1059,Command and Scripting Interpreter,execution
HEXANE,T1069,Permission Groups Discovery,discovery
HEXANE,T1082,System Information Discovery,discovery
HEXANE,T1102,Web Service,command-and-control
HEXANE,T1105,Ingress Tool Transfer,command-and-control
HEXANE,T1110,Brute Force,credential-access
HEXANE,T1204,User Execution,execution
HEXANE,T1518,Software Discovery,discovery
HEXANE,T1534,Internal Spearphishing,lateral-movement
HEXANE,T1546,Event Triggered Execution,privilege-escalation|persistence
HEXANE,T1555,Credentials from Password Stores,credential-access
HEXANE,T1567,Exfiltration Over Web Service,exfiltration
HEXANE,T1583,Acquire Infrastructure,resource-development
HEXANE,T1585,Establish Accounts,resource-development
HEXANE,T1586,Compromise Accounts,resource-development
HEXANE,T1588,Obtain Capabilities,resource-development
HEXANE,T1589,Gather Victim Identity Information,reconnaissance
HEXANE,T1591,Gather Victim Org Information,reconnaissance
HEXANE,T1608,Stage Capabilities,resource-development
Higaisa,T1001,Data Obfuscation,command-and-control
Higaisa,T1016,System Network Configuration Discovery,discovery
Higaisa,T1027,Obfuscated Files or Information,stealth
Higaisa,T1029,Scheduled Transfer,exfiltration
Higaisa,T1036,Masquerading,stealth
Higaisa,T1041,Exfiltration Over C2 Channel,exfiltration
Higaisa,T1053,Scheduled Task/Job,execution|persistence|privilege-escalation
Higaisa,T1057,Process Discovery,discovery
Higaisa,T1059,Command and Scripting Interpreter,execution
Higaisa,T1071,Application Layer Protocol,command-and-control
Higaisa,T1082,System Information Discovery,discovery
Higaisa,T1090,Proxy,command-and-control
Higaisa,T1106,Native API,execution
Higaisa,T1124,System Time Discovery,discovery
Higaisa,T1140,Deobfuscate/Decode Files or Information,stealth
Higaisa,T1203,Exploitation for Client Execution,execution
Higaisa,T1204,User Execution,execution
Higaisa,T1220,XSL Script Processing,stealth
Higaisa,T1547,Boot or Logon Autostart Execution,persistence|privilege-escalation
Higaisa,T1564,Hide Artifacts,stealth
Higaisa,T1566,Phishing,initial-access
Higaisa,T1573,Encrypted Channel,command-and-control
Higaisa,T1574,Hijack Execution Flow,stealth|execution
Higaisa,T1680,Local Storage Discovery,discovery
INC Ransom,T1021,Remote Services,lateral-movement
INC Ransom,T1036,Masquerading,stealth
INC Ransom,T1046,Network Service Discovery,discovery
INC Ransom,T1047,Windows Management Instrumentation,execution
INC Ransom,T1049,System Network Connections Discovery,discovery
INC Ransom,T1059,Command and Scripting Interpreter,execution
INC Ransom,T1069,Permission Groups Discovery,discovery
INC Ransom,T1070,Indicator Removal,stealth
INC Ransom,T1071,Application Layer Protocol,command-and-control
INC Ransom,T1074,Data Staged,collection
INC Ransom,T1078,Valid Accounts,stealth|persistence|privilege-escalation|initial-access
INC Ransom,T1087,Account Discovery,discovery
INC Ransom,T1105,Ingress Tool Transfer,command-and-control
INC Ransom,T1135,Network Share Discovery,discovery
INC Ransom,T1190,Exploit Public-Facing Application,initial-access
INC Ransom,T1219,Remote Access Tools,command-and-control
INC Ransom,T1486,Data Encrypted for Impact,impact
INC Ransom,T1537,Transfer Data to Cloud Account,exfiltration
INC Ransom,T1560,Archive Collected Data,collection
INC Ransom,T1566,Phishing,initial-access
INC Ransom,T1569,System Services,execution
INC Ransom,T1570,Lateral Tool Transfer,lateral-movement
INC Ransom,T1588,Obtain Capabilities,resource-development
INC Ransom,T1657,Financial Theft,impact
INC Ransom,T1685,Disable or Modify Tools,defense-impairment
Inception,T1005,Data from Local System,collection
Inception,T1027,Obfuscated Files or Information,stealth
Inception,T1057,Process Discovery,discovery
Inception,T1059,Command and Scripting Interpreter,execution
Inception,T1069,Permission Groups Discovery,discovery
Inception,T1071,Application Layer Protocol,command-and-control
Inception,T1082,System Information Discovery,discovery
Inception,T1083,File and Directory Discovery,discovery
Inception,T1090,Proxy,command-and-control
Inception,T1102,Web Service,command-and-control
Inception,T1203,Exploitation for Client Execution,execution
Inception,T1204,User Execution,execution
Inception,T1218,System Binary Proxy Execution,stealth
Inception,T1221,Template Injection,stealth
Inception,T1518,Software Discovery,discovery
Inception,T1547,Boot or Logon Autostart Execution,persistence|privilege-escalation
Inception,T1555,Credentials from Password Stores,credential-access
Inception,T1566,Phishing,initial-access
Inception,T1573,Encrypted Channel,command-and-control
Inception,T1588,Obtain Capabilities,resource-development
IndigoZebra,T1105,Ingress Tool Transfer,command-and-control
IndigoZebra,T1204,User Execution,execution
IndigoZebra,T1566,Phishing,initial-access
IndigoZebra,T1583,Acquire Infrastructure,resource-development
IndigoZebra,T1586,Compromise Accounts,resource-development
IndigoZebra,T1588,Obtain Capabilities,resource-development
Indrik Spider,T1003,OS Credential Dumping,credential-access
Indrik Spider,T1007,System Service Discovery,discovery
Indrik Spider,T1012,Query Registry,discovery
Indrik Spider,T1018,Remote System Discovery,discovery
Indrik Spider,T1021,Remote Services,lateral-movement
Indrik Spider,T1036,Masquerading,stealth
Indrik Spider,T1047,Windows Management Instrumentation,execution
Indrik Spider,T1059,Command and Scripting Interpreter,execution
Indrik Spider,T1074,Data Staged,collection
Indrik Spider,T1078,Valid Accounts,stealth|persistence|privilege-escalation|initial-access
Indrik Spider,T1105,Ingress Tool Transfer,command-and-control
Indrik Spider,T1112,Modify Registry,defense-impairment|persistence
Indrik Spider,T1136,Create Account,persistence
Indrik Spider,T1204,User Execution,execution
Indrik Spider,T1484,Domain or Tenant Policy Modification,defense-impairment|privilege-escalation
Indrik Spider,T1486,Data Encrypted for Impact,impact
Indrik Spider,T1489,Service Stop,impact
Indrik Spider,T1552,Unsecured Credentials,credential-access
Indrik Spider,T1555,Credentials from Password Stores,credential-access
Indrik Spider,T1558,Steal or Forge Kerberos Tickets,credential-access
Indrik Spider,T1567,Exfiltration Over Web Service,exfiltration
Indrik Spider,T1583,Acquire Infrastructure,resource-development
Indrik Spider,T1584,Compromise Infrastructure,resource-development
Indrik Spider,T1585,Establish Accounts,resource-development
Indrik Spider,T1587,Develop Capabilities,resource-development
Indrik Spider,T1590,Gather Victim Network Information,reconnaissance
Indrik Spider,T1685,Disable or Modify Tools,defense-impairment
Ke3chang,T1003,OS Credential Dumping,credential-access
Ke3chang,T1005,Data from Local System,collection
Ke3chang,T1007,System Service Discovery,discovery
Ke3chang,T1016,System Network Configuration Discovery,discovery
Ke3chang,T1018,Remote System Discovery,discovery
Ke3chang,T1020,Automated Exfiltration,exfiltration
Ke3chang,T1021,Remote Services,lateral-movement
Ke3chang,T1027,Obfuscated Files or Information,stealth
Ke3chang,T1033,System Owner/User Discovery,discovery
Ke3chang,T1036,Masquerading,stealth
Ke3chang,T1041,Exfiltration Over C2 Channel,exfiltration
Ke3chang,T1049,System Network Connections Discovery,discovery
Ke3chang,T1056,Input Capture,collection|credential-access
Ke3chang,T1057,Process Discovery,discovery
Ke3chang,T1059,Command and Scripting Interpreter,execution
Ke3chang,T1069,Permission Groups Discovery,discovery
Ke3chang,T1071,Application Layer Protocol,command-and-control
Ke3chang,T1078,Valid Accounts,stealth|persistence|privilege-escalation|initial-access
Ke3chang,T1082,System Information Discovery,discovery
Ke3chang,T1083,File and Directory Discovery,discovery
Ke3chang,T1087,Account Discovery,discovery
Ke3chang,T1105,Ingress Tool Transfer,command-and-control
Ke3chang,T1114,Email Collection,collection
Ke3chang,T1119,Automated Collection,collection
Ke3chang,T1133,External Remote Services,persistence|initial-access
Ke3chang,T1140,Deobfuscate/Decode Files or Information,stealth
Ke3chang,T1190,Exploit Public-Facing Application,initial-access
Ke3chang,T1213,Data from Information Repositories,collection
Ke3chang,T1543,Create or Modify System Process,persistence|privilege-escalation
Ke3chang,T1547,Boot or Logon Autostart Execution,persistence|privilege-escalation
Ke3chang,T1558,Steal or Forge Kerberos Tickets,credential-access
Ke3chang,T1560,Archive Collected Data,collection
Ke3chang,T1569,System Services,execution
Ke3chang,T1583,Acquire Infrastructure,resource-development
Ke3chang,T1587,Develop Capabilities,resource-development
Ke3chang,T1588,Obtain Capabilities,resource-development
Ke3chang,T1614,System Location Discovery,discovery
Kimsuky,T1003,OS Credential Dumping,credential-access
Kimsuky,T1005,Data from Local System,collection
Kimsuky,T1007,System Service Discovery,discovery
Kimsuky,T1012,Query Registry,discovery
Kimsuky,T1016,System Network Configuration Discovery,discovery
Kimsuky,T1020,Automated Exfiltration,exfiltration
Kimsuky,T1021,Remote Services,lateral-movement
Kimsuky,T1027,Obfuscated Files or Information,stealth
Kimsuky,T1033,System Owner/User Discovery,discovery
Kimsuky,T1036,Masquerading,stealth
Kimsuky,T1040,Network Sniffing,credential-access|discovery
Kimsuky,T1041,Exfiltration Over C2 Channel,exfiltration
Kimsuky,T1053,Scheduled Task/Job,execution|persistence|privilege-escalation
Kimsuky,T1055,Process Injection,stealth|privilege-escalation
Kimsuky,T1056,Input Capture,collection|credential-access
Kimsuky,T1057,Process Discovery,discovery
Kimsuky,T1059,Command and Scripting Interpreter,execution
Kimsuky,T1070,Indicator Removal,stealth
Kimsuky,T1071,Application Layer Protocol,command-and-control
Kimsuky,T1074,Data Staged,collection
Kimsuky,T1078,Valid Accounts,stealth|persistence|privilege-escalation|initial-access
Kimsuky,T1082,System Information Discovery,discovery
Kimsuky,T1083,File and Directory Discovery,discovery
Kimsuky,T1098,Account Manipulation,persistence|privilege-escalation
Kimsuky,T1102,Web Service,command-and-control
Kimsuky,T1105,Ingress Tool Transfer,command-and-control
Kimsuky,T1106,Native API,execution
Kimsuky,T1111,Multi-Factor Authentication Interception,credential-access
Kimsuky,T1112,Modify Registry,defense-impairment|persistence
Kimsuky,T1113,Screen Capture,collection
Kimsuky,T1114,Email Collection,collection
Kimsuky,T1115,Clipboard Data,collection
Kimsuky,T1124,System Time Discovery,discovery
Kimsuky,T1132,Data Encoding,command-and-control
Kimsuky,T1133,External Remote Services,persistence|initial-access
Kimsuky,T1136,Create Account,persistence
Kimsuky,T1140,Deobfuscate/Decode Files or Information,stealth
Kimsuky,T1176,Software Extensions,persistence
Kimsuky,T1185,Browser Session Hijacking,collection
Kimsuky,T1190,Exploit Public-Facing Application,initial-access
Kimsuky,T1204,User Execution,execution
Kimsuky,T1205,Traffic Signaling,stealth|persistence|command-and-control
Kimsuky,T1217,Browser Information Discovery,discovery
Kimsuky,T1218,System Binary Proxy Execution,stealth
Kimsuky,T1219,Remote Access Tools,command-and-control
Kimsuky,T1480,Execution Guardrails,stealth
Kimsuky,T1489,Service Stop,impact
Kimsuky,T1497,Virtualization/Sandbox Evasion,stealth|discovery
Kimsuky,T1505,Server Software Component,persistence
Kimsuky,T1518,Software Discovery,discovery
Kimsuky,T1534,Internal Spearphishing,lateral-movement
Kimsuky,T1539,Steal Web Session Cookie,credential-access
Kimsuky,T1543,Create or Modify System Process,persistence|privilege-escalation
Kimsuky,T1546,Event Triggered Execution,privilege-escalation|persistence
Kimsuky,T1547,Boot or Logon Autostart Execution,persistence|privilege-escalation
Kimsuky,T1550,Use Alternate Authentication Material,lateral-movement
Kimsuky,T1552,Unsecured Credentials,credential-access
Kimsuky,T1553,Subvert Trust Controls,defense-impairment
Kimsuky,T1555,Credentials from Password Stores,credential-access
Kimsuky,T1557,Adversary-in-the-Middle,credential-access|collection
Kimsuky,T1559,Inter-Process Communication,execution
Kimsuky,T1560,Archive Collected Data,collection
Kimsuky,T1564,Hide Artifacts,stealth
Kimsuky,T1566,Phishing,initial-access
Kimsuky,T1567,Exfiltration Over Web Service,exfiltration
Kimsuky,T1568,Dynamic Resolution,command-and-control
Kimsuky,T1583,Acquire Infrastructure,resource-development
Kimsuky,T1584,Compromise Infrastructure,resource-development
Kimsuky,T1585,Establish Accounts,resource-development
Kimsuky,T1586,Compromise Accounts,resource-development
Kimsuky,T1587,Develop Capabilities,resource-development
Kimsuky,T1588,Obtain Capabilities,resource-development
Kimsuky,T1589,Gather Victim Identity Information,reconnaissance
Kimsuky,T1591,Gather Victim Org Information,reconnaissance
Kimsuky,T1593,Search Open Websites/Domains,reconnaissance
Kimsuky,T1594,Search Victim-Owned Websites,reconnaissance
Kimsuky,T1596,Search Open Technical Databases,reconnaissance
Kimsuky,T1598,Phishing for Information,reconnaissance
Kimsuky,T1608,Stage Capabilities,resource-development
Kimsuky,T1620,Reflective Code Loading,stealth
Kimsuky,T1657,Financial Theft,impact
Kimsuky,T1678,Delay Execution,stealth
Kimsuky,T1680,Local Storage Discovery,discovery
Kimsuky,T1682,Query Public AI Services,reconnaissance
Kimsuky,T1684,Social Engineering,stealth
Kimsuky,T1685,Disable or Modify Tools,defense-impairment
Kimsuky,T1686,Disable or Modify System Firewall,defense-impairment
LAPSUS$,T1003,OS Credential Dumping,credential-access
LAPSUS$,T1005,Data from Local System,collection
LAPSUS$,T1068,Exploitation for Privilege Escalation,privilege-escalation
LAPSUS$,T1069,Permission Groups Discovery,discovery
LAPSUS$,T1078,Valid Accounts,stealth|persistence|privilege-escalation|initial-access
LAPSUS$,T1087,Account Discovery,discovery
LAPSUS$,T1090,Proxy,command-and-control
LAPSUS$,T1098,Account Manipulation,persistence|privilege-escalation
LAPSUS$,T1111,Multi-Factor Authentication Interception,credential-access
LAPSUS$,T1114,Email Collection,collection
LAPSUS$,T1133,External Remote Services,persistence|initial-access
LAPSUS$,T1136,Create Account,persistence
LAPSUS$,T1199,Trusted Relationship,initial-access
LAPSUS$,T1204,User Execution,execution
LAPSUS$,T1213,Data from Information Repositories,collection
LAPSUS$,T1485,Data Destruction,impact
LAPSUS$,T1489,Service Stop,impact
LAPSUS$,T1531,Account Access Removal,impact
LAPSUS$,T1552,Unsecured Credentials,credential-access
LAPSUS$,T1555,Credentials from Password Stores,credential-access
LAPSUS$,T1578,Modify Cloud Compute Infrastructure,defense-impairment
LAPSUS$,T1583,Acquire Infrastructure,resource-development
LAPSUS$,T1584,Compromise Infrastructure,resource-development
LAPSUS$,T1586,Compromise Accounts,resource-development
LAPSUS$,T1588,Obtain Capabilities,resource-development
LAPSUS$,T1589,Gather Victim Identity Information,reconnaissance
LAPSUS$,T1591,Gather Victim Org Information,reconnaissance
LAPSUS$,T1593,Search Open Websites/Domains,reconnaissance
LAPSUS$,T1597,Search Closed Sources,reconnaissance
LAPSUS$,T1598,Phishing for Information,reconnaissance
LAPSUS$,T1621,Multi-Factor Authentication Request Generation,credential-access
LAPSUS$,T1684,Social Engineering,stealth
Lazarus Group,T1001,Data Obfuscation,command-and-control
Lazarus Group,T1005,Data from Local System,collection
Lazarus Group,T1008,Fallback Channels,command-and-control
Lazarus Group,T1010,Application Window Discovery,discovery
Lazarus Group,T1012,Query Registry,discovery
Lazarus Group,T1016,System Network Configuration Discovery,discovery
Lazarus Group,T1021,Remote Services,lateral-movement
Lazarus Group,T1027,Obfuscated Files or Information,stealth
Lazarus Group,T1033,System Owner/User Discovery,discovery
Lazarus Group,T1036,Masquerading,stealth
Lazarus Group,T1041,Exfiltration Over C2 Channel,exfiltration
Lazarus Group,T1046,Network Service Discovery,discovery
Lazarus Group,T1047,Windows Management Instrumentation,execution
Lazarus Group,T1048,Exfiltration Over Alternative Protocol,exfiltration
Lazarus Group,T1049,System Network Connections Discovery,discovery
Lazarus Group,T1053,Scheduled Task/Job,execution|persistence|privilege-escalation
Lazarus Group,T1055,Process Injection,stealth|privilege-escalation
Lazarus Group,T1056,Input Capture,collection|credential-access
Lazarus Group,T1057,Process Discovery,discovery
Lazarus Group,T1059,Command and Scripting Interpreter,execution
Lazarus Group,T1070,Indicator Removal,stealth
Lazarus Group,T1071,Application Layer Protocol,command-and-control
Lazarus Group,T1074,Data Staged,collection
Lazarus Group,T1078,Valid Accounts,stealth|persistence|privilege-escalation|initial-access
Lazarus Group,T1082,System Information Discovery,discovery
Lazarus Group,T1083,File and Directory Discovery,discovery
Lazarus Group,T1090,Proxy,command-and-control
Lazarus Group,T1098,Account Manipulation,persistence|privilege-escalation
Lazarus Group,T1102,Web Service,command-and-control
Lazarus Group,T1104,Multi-Stage Channels,command-and-control
Lazarus Group,T1105,Ingress Tool Transfer,command-and-control
Lazarus Group,T1106,Native API,execution
Lazarus Group,T1110,Brute Force,credential-access
Lazarus Group,T1124,System Time Discovery,discovery
Lazarus Group,T1132,Data Encoding,command-and-control
Lazarus Group,T1134,Access Token Manipulation,stealth|privilege-escalation
Lazarus Group,T1140,Deobfuscate/Decode Files or Information,stealth
Lazarus Group,T1189,Drive-by Compromise,initial-access
Lazarus Group,T1202,Indirect Command Execution,stealth
Lazarus Group,T1203,Exploitation for Client Execution,execution
Lazarus Group,T1204,User Execution,execution
Lazarus Group,T1218,System Binary Proxy Execution,stealth
Lazarus Group,T1485,Data Destruction,impact
Lazarus Group,T1489,Service Stop,impact
Lazarus Group,T1491,Defacement,impact
Lazarus Group,T1529,System Shutdown/Reboot,impact
Lazarus Group,T1542,Pre-OS Boot,stealth|persistence
Lazarus Group,T1543,Create or Modify System Process,persistence|privilege-escalation
Lazarus Group,T1547,Boot or Logon Autostart Execution,persistence|privilege-escalation
Lazarus Group,T1553,Subvert Trust Controls,defense-impairment
Lazarus Group,T1557,Adversary-in-the-Middle,credential-access|collection
Lazarus Group,T1560,Archive Collected Data,collection
Lazarus Group,T1561,Disk Wipe,impact
Lazarus Group,T1564,Hide Artifacts,stealth
Lazarus Group,T1566,Phishing,initial-access
Lazarus Group,T1571,Non-Standard Port,command-and-control
Lazarus Group,T1573,Encrypted Channel,command-and-control
Lazarus Group,T1574,Hijack Execution Flow,stealth|execution
Lazarus Group,T1583,Acquire Infrastructure,resource-development
Lazarus Group,T1584,Compromise Infrastructure,resource-development
Lazarus Group,T1585,Establish Accounts,resource-development
Lazarus Group,T1587,Develop Capabilities,resource-development
Lazarus Group,T1588,Obtain Capabilities,resource-development
Lazarus Group,T1589,Gather Victim Identity Information,reconnaissance
Lazarus Group,T1591,Gather Victim Org Information,reconnaissance
Lazarus Group,T1620,Reflective Code Loading,stealth
Lazarus Group,T1680,Local Storage Discovery,discovery
Lazarus Group,T1685,Disable or Modify Tools,defense-impairment
Lazarus Group,T1686,Disable or Modify System Firewall,defense-impairment
LazyScripter,T1027,Obfuscated Files or Information,stealth
LazyScripter,T1036,Masquerading,stealth
LazyScripter,T1059,Command and Scripting Interpreter,execution
LazyScripter,T1071,Application Layer Protocol,command-and-control
LazyScripter,T1102,Web Service,command-and-control
LazyScripter,T1105,Ingress Tool Transfer,command-and-control
LazyScripter,T1204,User Execution,execution
LazyScripter,T1218,System Binary Proxy Execution,stealth
LazyScripter,T1547,Boot or Logon Autostart Execution,persistence|privilege-escalation
LazyScripter,T1566,Phishing,initial-access
LazyScripter,T1583,Acquire Infrastructure,resource-development
LazyScripter,T1588,Obtain Capabilities,resource-development
LazyScripter,T1608,Stage Capabilities,resource-development
Leafminer,T1003,OS Credential Dumping,credential-access
Leafminer,T1018,Remote System Discovery,discovery
Leafminer,T1027,Obfuscated Files or Information,stealth
Leafminer,T1046,Network Service Discovery,discovery
Leafminer,T1055,Process Injection,stealth|privilege-escalation
Leafminer,T1059,Command and Scripting Interpreter,execution
Leafminer,T1083,File and Directory Discovery,discovery
Leafminer,T1110,Brute Force,credential-access
Leafminer,T1114,Email Collection,collection
Leafminer,T1136,Create Account,persistence
Leafminer,T1189,Drive-by Compromise,initial-access
Leafminer,T1552,Unsecured Credentials,credential-access
Leafminer,T1555,Credentials from Password Stores,credential-access
Leafminer,T1588,Obtain Capabilities,resource-development
Leviathan,T1003,OS Credential Dumping,credential-access
Leviathan,T1021,Remote Services,lateral-movement
Leviathan,T1027,Obfuscated Files or Information,stealth
Leviathan,T1041,Exfiltration Over C2 Channel,exfiltration
Leviathan,T1047,Windows Management Instrumentation,execution
Leviathan,T1055,Process Injection,stealth|privilege-escalation
Leviathan,T1059,Command and Scripting Interpreter,execution
Leviathan,T1074,Data Staged,collection
Leviathan,T1078,Valid Accounts,stealth|persistence|privilege-escalation|initial-access
Leviathan,T1090,Proxy,command-and-control
Leviathan,T1102,Web Service,command-and-control
Leviathan,T1105,Ingress Tool Transfer,command-and-control
Leviathan,T1133,External Remote Services,persistence|initial-access
Leviathan,T1140,Deobfuscate/Decode Files or Information,stealth
Leviathan,T1189,Drive-by Compromise,initial-access
Leviathan,T1190,Exploit Public-Facing Application,initial-access
Leviathan,T1197,BITS Jobs,stealth|persistence|execution
Leviathan,T1203,Exploitation for Client Execution,execution
Leviathan,T1204,User Execution,execution
Leviathan,T1218,System Binary Proxy Execution,stealth
Leviathan,T1505,Server Software Component,persistence
Leviathan,T1534,Internal Spearphishing,lateral-movement
Leviathan,T1546,Event Triggered Execution,privilege-escalation|persistence
Leviathan,T1547,Boot or Logon Autostart Execution,persistence|privilege-escalation
Leviathan,T1553,Subvert Trust Controls,defense-impairment
Leviathan,T1559,Inter-Process Communication,execution
Leviathan,T1560,Archive Collected Data,collection
Leviathan,T1566,Phishing,initial-access
Leviathan,T1567,Exfiltration Over Web Service,exfiltration
Leviathan,T1572,Protocol Tunneling,command-and-control
Leviathan,T1583,Acquire Infrastructure,resource-development
Leviathan,T1584,Compromise Infrastructure,resource-development
Leviathan,T1585,Establish Accounts,resource-development
Leviathan,T1586,Compromise Accounts,resource-development
Leviathan,T1587,Develop Capabilities,resource-development
Leviathan,T1589,Gather Victim Identity Information,reconnaissance
Leviathan,T1595,Active Scanning,reconnaissance
Lotus Blossom,T1012,Query Registry,discovery
Lotus Blossom,T1016,System Network Configuration Discovery,discovery
Lotus Blossom,T1018,Remote System Discovery,discovery
Lotus Blossom,T1046,Network Service Discovery,discovery
Lotus Blossom,T1047,Windows Management Instrumentation,execution
Lotus Blossom,T1049,System Network Connections Discovery,discovery
Lotus Blossom,T1074,Data Staged,collection
Lotus Blossom,T1083,File and Directory Discovery,discovery
Lotus Blossom,T1087,Account Discovery,discovery
Lotus Blossom,T1090,Proxy,command-and-control
Lotus Blossom,T1112,Modify Registry,defense-impairment|persistence
Lotus Blossom,T1134,Access Token Manipulation,stealth|privilege-escalation
Lotus Blossom,T1482,Domain Trust Discovery,discovery
Lotus Blossom,T1539,Steal Web Session Cookie,credential-access
Lotus Blossom,T1543,Create or Modify System Process,persistence|privilege-escalation
Lotus Blossom,T1560,Archive Collected Data,collection
Lotus Blossom,T1588,Obtain Capabilities,resource-development
LuminousMoth,T1005,Data from Local System,collection
LuminousMoth,T1030,Data Transfer Size Limits,exfiltration
LuminousMoth,T1033,System Owner/User Discovery,discovery
LuminousMoth,T1036,Masquerading,stealth
LuminousMoth,T1041,Exfiltration Over C2 Channel,exfiltration
LuminousMoth,T1053,Scheduled Task/Job,execution|persistence|privilege-escalation
LuminousMoth,T1071,Application Layer Protocol,command-and-control
LuminousMoth,T1083,File and Directory Discovery,discovery
LuminousMoth,T1091,Replication Through Removable Media,lateral-movement|initial-access
LuminousMoth,T1105,Ingress Tool Transfer,command-and-control
LuminousMoth,T1112,Modify Registry,defense-impairment|persistence
LuminousMoth,T1204,User Execution,execution
LuminousMoth,T1539,Steal Web Session Cookie,credential-access
LuminousMoth,T1547,Boot or Logon Autostart Execution,persistence|privilege-escalation
LuminousMoth,T1553,Subvert Trust Controls,defense-impairment
LuminousMoth,T1557,Adversary-in-the-Middle,credential-access|collection
LuminousMoth,T1560,Archive Collected Data,collection
LuminousMoth,T1564,Hide Artifacts,stealth
LuminousMoth,T1566,Phishing,initial-access
LuminousMoth,T1567,Exfiltration Over Web Service,exfiltration
LuminousMoth,T1574,Hijack Execution Flow,stealth|execution
LuminousMoth,T1587,Develop Capabilities,resource-development
LuminousMoth,T1588,Obtain Capabilities,resource-development
LuminousMoth,T1608,Stage Capabilities,resource-development
Machete,T1036,Masquerading,stealth
Machete,T1053,Scheduled Task/Job,execution|persistence|privilege-escalation
Machete,T1059,Command and Scripting Interpreter,execution
Machete,T1189,Drive-by Compromise,initial-access
Machete,T1204,User Execution,execution
Machete,T1218,System Binary Proxy Execution,stealth
Machete,T1566,Phishing,initial-access
Magic Hound,T1003,OS Credential Dumping,credential-access
Magic Hound,T1005,Data from Local System,collection
Magic Hound,T1016,System Network Configuration Discovery,discovery
Magic Hound,T1018,Remote System Discovery,discovery
Magic Hound,T1021,Remote Services,lateral-movement
Magic Hound,T1027,Obfuscated Files or Information,stealth
Magic Hound,T1033,System Owner/User Discovery,discovery
Magic Hound,T1036,Masquerading,stealth
Magic Hound,T1046,Network Service Discovery,discovery
Magic Hound,T1047,Windows Management Instrumentation,execution
Magic Hound,T1049,System Network Connections Discovery,discovery
Magic Hound,T1053,Scheduled Task/Job,execution|persistence|privilege-escalation
Magic Hound,T1056,Input Capture,collection|credential-access
Magic Hound,T1057,Process Discovery,discovery
Magic Hound,T1059,Command and Scripting Interpreter,execution
Magic Hound,T1070,Indicator Removal,stealth
Magic Hound,T1071,Application Layer Protocol,command-and-control
Magic Hound,T1078,Valid Accounts,stealth|persistence|privilege-escalation|initial-access
Magic Hound,T1082,System Information Discovery,discovery
Magic Hound,T1083,File and Directory Discovery,discovery
Magic Hound,T1087,Account Discovery,discovery
Magic Hound,T1090,Proxy,command-and-control
Magic Hound,T1098,Account Manipulation,persistence|privilege-escalation
Magic Hound,T1102,Web Service,command-and-control
Magic Hound,T1105,Ingress Tool Transfer,command-and-control
Magic Hound,T1112,Modify Registry,defense-impairment|persistence
Magic Hound,T1113,Screen Capture,collection
Magic Hound,T1114,Email Collection,collection
Magic Hound,T1136,Create Account,persistence
Magic Hound,T1189,Drive-by Compromise,initial-access
Magic Hound,T1190,Exploit Public-Facing Application,initial-access
Magic Hound,T1204,User Execution,execution
Magic Hound,T1218,System Binary Proxy Execution,stealth
Magic Hound,T1482,Domain Trust Discovery,discovery
Magic Hound,T1486,Data Encrypted for Impact,impact
Magic Hound,T1505,Server Software Component,persistence
Magic Hound,T1547,Boot or Logon Autostart Execution,persistence|privilege-escalation
Magic Hound,T1560,Archive Collected Data,collection
Magic Hound,T1564,Hide Artifacts,stealth
Magic Hound,T1566,Phishing,initial-access
Magic Hound,T1567,Exfiltration Over Web Service,exfiltration
Magic Hound,T1570,Lateral Tool Transfer,lateral-movement
Magic Hound,T1571,Non-Standard Port,command-and-control
Magic Hound,T1572,Protocol Tunneling,command-and-control
Magic Hound,T1573,Encrypted Channel,command-and-control
Magic Hound,T1583,Acquire Infrastructure,resource-development
Magic Hound,T1584,Compromise Infrastructure,resource-development
Magic Hound,T1585,Establish Accounts,resource-development
Magic Hound,T1586,Compromise Accounts,resource-development
Magic Hound,T1588,Obtain Capabilities,resource-development
Magic Hound,T1589,Gather Victim Identity Information,reconnaissance
Magic Hound,T1590,Gather Victim Network Information,reconnaissance
Magic Hound,T1591,Gather Victim Org Information,reconnaissance
Magic Hound,T1592,Gather Victim Host Information,reconnaissance
Magic Hound,T1595,Active Scanning,reconnaissance
Magic Hound,T1598,Phishing for Information,reconnaissance
Magic Hound,T1685,Disable or Modify Tools,defense-impairment
Magic Hound,T1686,Disable or Modify System Firewall,defense-impairment
Malteiro,T1027,Obfuscated Files or Information,stealth
Malteiro,T1055,Process Injection,stealth|privilege-escalation
Malteiro,T1059,Command and Scripting Interpreter,execution
Malteiro,T1082,System Information Discovery,discovery
Malteiro,T1140,Deobfuscate/Decode Files or Information,stealth
Malteiro,T1204,User Execution,execution
Malteiro,T1518,Software Discovery,discovery
Malteiro,T1555,Credentials from Password Stores,credential-access
Malteiro,T1566,Phishing,initial-access
Malteiro,T1614,System Location Discovery,discovery
Malteiro,T1657,Financial Theft,impact
Medusa Group,T1003,OS Credential Dumping,credential-access
Medusa Group,T1016,System Network Configuration Discovery,discovery
Medusa Group,T1018,Remote System Discovery,discovery
Medusa Group,T1021,Remote Services,lateral-movement
Medusa Group,T1027,Obfuscated Files or Information,stealth
Medusa Group,T1033,System Owner/User Discovery,discovery
Medusa Group,T1046,Network Service Discovery,discovery
Medusa Group,T1047,Windows Management Instrumentation,execution
Medusa Group,T1057,Process Discovery,discovery
Medusa Group,T1059,Command and Scripting Interpreter,execution
Medusa Group,T1069,Permission Groups Discovery,discovery
Medusa Group,T1070,Indicator Removal,stealth
Medusa Group,T1071,Application Layer Protocol,command-and-control
Medusa Group,T1072,Software Deployment Tools,execution|lateral-movement
Medusa Group,T1078,Valid Accounts,stealth|persistence|privilege-escalation|initial-access
Medusa Group,T1082,System Information Discovery,discovery
Medusa Group,T1083,File and Directory Discovery,discovery
Medusa Group,T1087,Account Discovery,discovery
Medusa Group,T1090,Proxy,command-and-control
Medusa Group,T1105,Ingress Tool Transfer,command-and-control
Medusa Group,T1106,Native API,execution
Medusa Group,T1112,Modify Registry,defense-impairment|persistence
Medusa Group,T1135,Network Share Discovery,discovery
Medusa Group,T1136,Create Account,persistence
Medusa Group,T1190,Exploit Public-Facing Application,initial-access
Medusa Group,T1218,System Binary Proxy Execution,stealth
Medusa Group,T1219,Remote Access Tools,command-and-control
Medusa Group,T1486,Data Encrypted for Impact,impact
Medusa Group,T1489,Service Stop,impact
Medusa Group,T1490,Inhibit System Recovery,impact
Medusa Group,T1505,Server Software Component,persistence
Medusa Group,T1518,Software Discovery,discovery
Medusa Group,T1529,System Shutdown/Reboot,impact
Medusa Group,T1543,Create or Modify System Process,persistence|privilege-escalation
Medusa Group,T1548,Abuse Elevation Control Mechanism,privilege-escalation
Medusa Group,T1553,Subvert Trust Controls,defense-impairment
Medusa Group,T1559,Inter-Process Communication,execution
Medusa Group,T1564,Hide Artifacts,stealth
Medusa Group,T1567,Exfiltration Over Web Service,exfiltration
Medusa Group,T1569,System Services,execution
Medusa Group,T1570,Lateral Tool Transfer,lateral-movement
Medusa Group,T1573,Encrypted Channel,command-and-control
Medusa Group,T1583,Acquire Infrastructure,resource-development
Medusa Group,T1585,Establish Accounts,resource-development
Medusa Group,T1588,Obtain Capabilities,resource-development
Medusa Group,T1608,Stage Capabilities,resource-development
Medusa Group,T1650,Acquire Access,resource-development
Medusa Group,T1652,Device Driver Discovery,discovery
Medusa Group,T1657,Financial Theft,impact
Medusa Group,T1685,Disable or Modify Tools,defense-impairment
Medusa Group,T1686,Disable or Modify System Firewall,defense-impairment
Medusa Group,T1690,Prevent Command History Logging,defense-impairment
menuPass,T1003,OS Credential Dumping,credential-access
menuPass,T1005,Data from Local System,collection
menuPass,T1016,System Network Configuration Discovery,discovery
menuPass,T1018,Remote System Discovery,discovery
menuPass,T1021,Remote Services,lateral-movement
menuPass,T1027,Obfuscated Files or Information,stealth
menuPass,T1036,Masquerading,stealth
menuPass,T1039,Data from Network Shared Drive,collection
menuPass,T1046,Network Service Discovery,discovery
menuPass,T1047,Windows Management Instrumentation,execution
menuPass,T1049,System Network Connections Discovery,discovery
menuPass,T1053,Scheduled Task/Job,execution|persistence|privilege-escalation
menuPass,T1055,Process Injection,stealth|privilege-escalation
menuPass,T1056,Input Capture,collection|credential-access
menuPass,T1059,Command and Scripting Interpreter,execution
menuPass,T1070,Indicator Removal,stealth
menuPass,T1074,Data Staged,collection
menuPass,T1078,Valid Accounts,stealth|persistence|privilege-escalation|initial-access
menuPass,T1083,File and Directory Discovery,discovery
menuPass,T1087,Account Discovery,discovery
menuPass,T1090,Proxy,command-and-control
menuPass,T1105,Ingress Tool Transfer,command-and-control
menuPass,T1106,Native API,execution
menuPass,T1119,Automated Collection,collection
menuPass,T1140,Deobfuscate/Decode Files or Information,stealth
menuPass,T1190,Exploit Public-Facing Application,initial-access
menuPass,T1199,Trusted Relationship,initial-access
menuPass,T1204,User Execution,execution
menuPass,T1210,Exploitation of Remote Services,lateral-movement
menuPass,T1218,System Binary Proxy Execution,stealth
menuPass,T1553,Subvert Trust Controls,defense-impairment
menuPass,T1560,Archive Collected Data,collection
menuPass,T1566,Phishing,initial-access
menuPass,T1568,Dynamic Resolution,command-and-control
menuPass,T1574,Hijack Execution Flow,stealth|execution
menuPass,T1583,Acquire Infrastructure,resource-development
menuPass,T1588,Obtain Capabilities,resource-development
Metador,T1027,Obfuscated Files or Information,stealth
Metador,T1059,Command and Scripting Interpreter,execution
Metador,T1070,Indicator Removal,stealth
Metador,T1071,Application Layer Protocol,command-and-control
Metador,T1095,Non-Application Layer Protocol,command-and-control
Metador,T1105,Ingress Tool Transfer,command-and-control
Metador,T1546,Event Triggered Execution,privilege-escalation|persistence
Metador,T1588,Obtain Capabilities,resource-development
MirrorFace,T1003,OS Credential Dumping,credential-access
MirrorFace,T1005,Data from Local System,collection
MirrorFace,T1007,System Service Discovery,discovery
MirrorFace,T1016,System Network Configuration Discovery,discovery
MirrorFace,T1018,Remote System Discovery,discovery
MirrorFace,T1021,Remote Services,lateral-movement
MirrorFace,T1027,Obfuscated Files or Information,stealth
MirrorFace,T1033,System Owner/User Discovery,discovery
MirrorFace,T1036,Masquerading,stealth
MirrorFace,T1047,Windows Management Instrumentation,execution
MirrorFace,T1048,Exfiltration Over Alternative Protocol,exfiltration
MirrorFace,T1057,Process Discovery,discovery
MirrorFace,T1059,Command and Scripting Interpreter,execution
MirrorFace,T1070,Indicator Removal,stealth
MirrorFace,T1071,Application Layer Protocol,command-and-control
MirrorFace,T1074,Data Staged,collection
MirrorFace,T1082,System Information Discovery,discovery
MirrorFace,T1083,File and Directory Discovery,discovery
MirrorFace,T1087,Account Discovery,discovery
MirrorFace,T1090,Proxy,command-and-control
MirrorFace,T1114,Email Collection,collection
MirrorFace,T1190,Exploit Public-Facing Application,initial-access
MirrorFace,T1204,User Execution,execution
MirrorFace,T1221,Template Injection,stealth
MirrorFace,T1482,Domain Trust Discovery,discovery
MirrorFace,T1553,Subvert Trust Controls,defense-impairment
MirrorFace,T1556,Modify Authentication Process,defense-impairment|persistence|credential-access
MirrorFace,T1560,Archive Collected Data,collection
MirrorFace,T1566,Phishing,initial-access
MirrorFace,T1574,Hijack Execution Flow,stealth|execution
MirrorFace,T1587,Develop Capabilities,resource-development
MirrorFace,T1588,Obtain Capabilities,resource-development
MirrorFace,T1591,Gather Victim Org Information,reconnaissance
MirrorFace,T1614,System Location Discovery,discovery
MirrorFace,T1684,Social Engineering,stealth
MirrorFace,T1685,Disable or Modify Tools,defense-impairment
MirrorFace,T1686,Disable or Modify System Firewall,defense-impairment
Moafee,T1027,Obfuscated Files or Information,stealth
Mofang,T1027,Obfuscated Files or Information,stealth
Mofang,T1204,User Execution,execution
Mofang,T1566,Phishing,initial-access
Molerats,T1027,Obfuscated Files or Information,stealth
Molerats,T1053,Scheduled Task/Job,execution|persistence|privilege-escalation
Molerats,T1057,Process Discovery,discovery
Molerats,T1059,Command and Scripting Interpreter,execution
Molerats,T1105,Ingress Tool Transfer,command-and-control
Molerats,T1140,Deobfuscate/Decode Files or Information,stealth
Molerats,T1204,User Execution,execution
Molerats,T1218,System Binary Proxy Execution,stealth
Molerats,T1547,Boot or Logon Autostart Execution,persistence|privilege-escalation
Molerats,T1553,Subvert Trust Controls,defense-impairment
Molerats,T1555,Credentials from Password Stores,credential-access
Molerats,T1566,Phishing,initial-access
Moonstone Sleet,T1003,OS Credential Dumping,credential-access
Moonstone Sleet,T1016,System Network Configuration Discovery,discovery
Moonstone Sleet,T1027,Obfuscated Files or Information,stealth
Moonstone Sleet,T1033,System Owner/User Discovery,discovery
Moonstone Sleet,T1053,Scheduled Task/Job,execution|persistence|privilege-escalation
Moonstone Sleet,T1071,Application Layer Protocol,command-and-control
Moonstone Sleet,T1082,System Information Discovery,discovery
Moonstone Sleet,T1105,Ingress Tool Transfer,command-and-control
Moonstone Sleet,T1140,Deobfuscate/Decode Files or Information,stealth
Moonstone Sleet,T1195,Supply Chain Compromise,initial-access
Moonstone Sleet,T1204,User Execution,execution
Moonstone Sleet,T1217,Browser Information Discovery,discovery
Moonstone Sleet,T1486,Data Encrypted for Impact,impact
Moonstone Sleet,T1547,Boot or Logon Autostart Execution,persistence|privilege-escalation
Moonstone Sleet,T1566,Phishing,initial-access
Moonstone Sleet,T1569,System Services,execution
Moonstone Sleet,T1583,Acquire Infrastructure,resource-development
Moonstone Sleet,T1585,Establish Accounts,resource-development
Moonstone Sleet,T1587,Develop Capabilities,resource-development
Moonstone Sleet,T1589,Gather Victim Identity Information,reconnaissance
Moonstone Sleet,T1591,Gather Victim Org Information,reconnaissance
Moonstone Sleet,T1598,Phishing for Information,reconnaissance
Moonstone Sleet,T1608,Stage Capabilities,resource-development
Moses Staff,T1016,System Network Configuration Discovery,discovery
Moses Staff,T1021,Remote Services,lateral-movement
Moses Staff,T1027,Obfuscated Files or Information,stealth
Moses Staff,T1082,System Information Discovery,discovery
Moses Staff,T1087,Account Discovery,discovery
Moses Staff,T1105,Ingress Tool Transfer,command-and-control
Moses Staff,T1190,Exploit Public-Facing Application,initial-access
Moses Staff,T1505,Server Software Component,persistence
Moses Staff,T1553,Subvert Trust Controls,defense-impairment
Moses Staff,T1587,Develop Capabilities,resource-development
Moses Staff,T1588,Obtain Capabilities,resource-development
Moses Staff,T1686,Disable or Modify System Firewall,defense-impairment
MoustachedBouncer,T1027,Obfuscated Files or Information,stealth
MoustachedBouncer,T1059,Command and Scripting Interpreter,execution
MoustachedBouncer,T1068,Exploitation for Privilege Escalation,privilege-escalation
MoustachedBouncer,T1074,Data Staged,collection
MoustachedBouncer,T1090,Proxy,command-and-control
MoustachedBouncer,T1113,Screen Capture,collection
MoustachedBouncer,T1659,Content Injection,initial-access|command-and-control
MuddyWater,T1003,OS Credential Dumping,credential-access
MuddyWater,T1016,System Network Configuration Discovery,discovery
MuddyWater,T1027,Obfuscated Files or Information,stealth
MuddyWater,T1033,System Owner/User Discovery,discovery
MuddyWater,T1036,Masquerading,stealth
MuddyWater,T1041,Exfiltration Over C2 Channel,exfiltration
MuddyWater,T1047,Windows Management Instrumentation,execution
MuddyWater,T1049,System Network Connections Discovery,discovery
MuddyWater,T1053,Scheduled Task/Job,execution|persistence|privilege-escalation
MuddyWater,T1057,Process Discovery,discovery
MuddyWater,T1059,Command and Scripting Interpreter,execution
MuddyWater,T1071,Application Layer Protocol,command-and-control
MuddyWater,T1074,Data Staged,collection
MuddyWater,T1082,System Information Discovery,discovery
MuddyWater,T1083,File and Directory Discovery,discovery
MuddyWater,T1087,Account Discovery,discovery
MuddyWater,T1090,Proxy,command-and-control
MuddyWater,T1102,Web Service,command-and-control
MuddyWater,T1104,Multi-Stage Channels,command-and-control
MuddyWater,T1105,Ingress Tool Transfer,command-and-control
MuddyWater,T1113,Screen Capture,collection
MuddyWater,T1132,Data Encoding,command-and-control
MuddyWater,T1137,Office Application Startup,persistence
MuddyWater,T1140,Deobfuscate/Decode Files or Information,stealth
MuddyWater,T1190,Exploit Public-Facing Application,initial-access
MuddyWater,T1203,Exploitation for Client Execution,execution
MuddyWater,T1204,User Execution,execution
MuddyWater,T1210,Exploitation of Remote Services,lateral-movement
MuddyWater,T1218,System Binary Proxy Execution,stealth
MuddyWater,T1219,Remote Access Tools,command-and-control
MuddyWater,T1518,Software Discovery,discovery
MuddyWater,T1534,Internal Spearphishing,lateral-movement
MuddyWater,T1547,Boot or Logon Autostart Execution,persistence|privilege-escalation
MuddyWater,T1548,Abuse Elevation Control Mechanism,privilege-escalation
MuddyWater,T1552,Unsecured Credentials,credential-access
MuddyWater,T1555,Credentials from Password Stores,credential-access
MuddyWater,T1559,Inter-Process Communication,execution
MuddyWater,T1560,Archive Collected Data,collection
MuddyWater,T1566,Phishing,initial-access
MuddyWater,T1567,Exfiltration Over Web Service,exfiltration
MuddyWater,T1571,Non-Standard Port,command-and-control
MuddyWater,T1573,Encrypted Channel,command-and-control
MuddyWater,T1574,Hijack Execution Flow,stealth|execution
MuddyWater,T1583,Acquire Infrastructure,resource-development
MuddyWater,T1588,Obtain Capabilities,resource-development
MuddyWater,T1590,Gather Victim Network Information,reconnaissance
MuddyWater,T1684,Social Engineering,stealth
MuddyWater,T1685,Disable or Modify Tools,defense-impairment
Mustang Panda,T1001,Data Obfuscation,command-and-control
Mustang Panda,T1003,OS Credential Dumping,credential-access
Mustang Panda,T1016,System Network Configuration Discovery,discovery
Mustang Panda,T1018,Remote System Discovery,discovery
Mustang Panda,T1027,Obfuscated Files or Information,stealth
Mustang Panda,T1036,Masquerading,stealth
Mustang Panda,T1041,Exfiltration Over C2 Channel,exfiltration
Mustang Panda,T1046,Network Service Discovery,discovery
Mustang Panda,T1047,Windows Management Instrumentation,execution
Mustang Panda,T1048,Exfiltration Over Alternative Protocol,exfiltration
Mustang Panda,T1049,System Network Connections Discovery,discovery
Mustang Panda,T1052,Exfiltration Over Physical Medium,exfiltration
Mustang Panda,T1053,Scheduled Task/Job,execution|persistence|privilege-escalation
Mustang Panda,T1057,Process Discovery,discovery
Mustang Panda,T1059,Command and Scripting Interpreter,execution
Mustang Panda,T1069,Permission Groups Discovery,discovery
Mustang Panda,T1070,Indicator Removal,stealth
Mustang Panda,T1071,Application Layer Protocol,command-and-control
Mustang Panda,T1072,Software Deployment Tools,execution|lateral-movement
Mustang Panda,T1074,Data Staged,collection
Mustang Panda,T1082,System Information Discovery,discovery
Mustang Panda,T1083,File and Directory Discovery,discovery
Mustang Panda,T1087,Account Discovery,discovery
Mustang Panda,T1091,Replication Through Removable Media,lateral-movement|initial-access
Mustang Panda,T1095,Non-Application Layer Protocol,command-and-control
Mustang Panda,T1102,Web Service,command-and-control
Mustang Panda,T1105,Ingress Tool Transfer,command-and-control
Mustang Panda,T1106,Native API,execution
Mustang Panda,T1119,Automated Collection,collection
Mustang Panda,T1129,Shared Modules,execution
Mustang Panda,T1140,Deobfuscate/Decode Files or Information,stealth
Mustang Panda,T1176,Software Extensions,persistence
Mustang Panda,T1203,Exploitation for Client Execution,execution
Mustang Panda,T1204,User Execution,execution
Mustang Panda,T1205,Traffic Signaling,stealth|persistence|command-and-control
Mustang Panda,T1218,System Binary Proxy Execution,stealth
Mustang Panda,T1219,Remote Access Tools,command-and-control
Mustang Panda,T1505,Server Software Component,persistence
Mustang Panda,T1518,Software Discovery,discovery
Mustang Panda,T1546,Event Triggered Execution,privilege-escalation|persistence
Mustang Panda,T1547,Boot or Logon Autostart Execution,persistence|privilege-escalation
Mustang Panda,T1553,Subvert Trust Controls,defense-impairment
Mustang Panda,T1557,Adversary-in-the-Middle,credential-access|collection
Mustang Panda,T1560,Archive Collected Data,collection
Mustang Panda,T1564,Hide Artifacts,stealth
Mustang Panda,T1566,Phishing,initial-access
Mustang Panda,T1567,Exfiltration Over Web Service,exfiltration
Mustang Panda,T1572,Protocol Tunneling,command-and-control
Mustang Panda,T1573,Encrypted Channel,command-and-control
Mustang Panda,T1574,Hijack Execution Flow,stealth|execution
Mustang Panda,T1583,Acquire Infrastructure,resource-development
Mustang Panda,T1585,Establish Accounts,resource-development
Mustang Panda,T1586,Compromise Accounts,resource-development
Mustang Panda,T1587,Develop Capabilities,resource-development
Mustang Panda,T1588,Obtain Capabilities,resource-development
Mustang Panda,T1593,Search Open Websites/Domains,reconnaissance
Mustang Panda,T1598,Phishing for Information,reconnaissance
Mustang Panda,T1608,Stage Capabilities,resource-development
Mustang Panda,T1622,Debugger Evasion,stealth|discovery
Mustang Panda,T1654,Log Enumeration,discovery
Mustang Panda,T1678,Delay Execution,stealth
Mustard Tempest,T1036,Masquerading,stealth
Mustard Tempest,T1082,System Information Discovery,discovery
Mustard Tempest,T1105,Ingress Tool Transfer,command-and-control
Mustard Tempest,T1189,Drive-by Compromise,initial-access
Mustard Tempest,T1204,User Execution,execution
Mustard Tempest,T1566,Phishing,initial-access
Mustard Tempest,T1583,Acquire Infrastructure,resource-development
Mustard Tempest,T1584,Compromise Infrastructure,resource-development
Mustard Tempest,T1608,Stage Capabilities,resource-development
Naikon,T1016,System Network Configuration Discovery,discovery
Naikon,T1018,Remote System Discovery,discovery
Naikon,T1036,Masquerading,stealth
Naikon,T1046,Network Service Discovery,discovery
Naikon,T1047,Windows Management Instrumentation,execution
Naikon,T1053,Scheduled Task/Job,execution|persistence|privilege-escalation
Naikon,T1078,Valid Accounts,stealth|persistence|privilege-escalation|initial-access
Naikon,T1137,Office Application Startup,persistence
Naikon,T1204,User Execution,execution
Naikon,T1518,Software Discovery,discovery
Naikon,T1547,Boot or Logon Autostart Execution,persistence|privilege-escalation
Naikon,T1566,Phishing,initial-access
Naikon,T1574,Hijack Execution Flow,stealth|execution
Nomadic Octopus,T1036,Masquerading,stealth
Nomadic Octopus,T1059,Command and Scripting Interpreter,execution
Nomadic Octopus,T1105,Ingress Tool Transfer,command-and-control
Nomadic Octopus,T1204,User Execution,execution
Nomadic Octopus,T1564,Hide Artifacts,stealth
Nomadic Octopus,T1566,Phishing,initial-access
OilRig,T1003,OS Credential Dumping,credential-access
OilRig,T1005,Data from Local System,collection
OilRig,T1007,System Service Discovery,discovery
OilRig,T1008,Fallback Channels,command-and-control
OilRig,T1012,Query Registry,discovery
OilRig,T1016,System Network Configuration Discovery,discovery
OilRig,T1021,Remote Services,lateral-movement
OilRig,T1025,Data from Removable Media,collection
OilRig,T1027,Obfuscated Files or Information,stealth
OilRig,T1033,System Owner/User Discovery,discovery
OilRig,T1036,Masquerading,stealth
OilRig,T1046,Network Service Discovery,discovery
OilRig,T1047,Windows Management Instrumentation,execution
OilRig,T1048,Exfiltration Over Alternative Protocol,exfiltration
OilRig,T1049,System Network Connections Discovery,discovery
OilRig,T1053,Scheduled Task/Job,execution|persistence|privilege-escalation
OilRig,T1056,Input Capture,collection|credential-access
OilRig,T1057,Process Discovery,discovery
OilRig,T1059,Command and Scripting Interpreter,execution
OilRig,T1068,Exploitation for Privilege Escalation,privilege-escalation
OilRig,T1069,Permission Groups Discovery,discovery
OilRig,T1070,Indicator Removal,stealth
OilRig,T1071,Application Layer Protocol,command-and-control
OilRig,T1078,Valid Accounts,stealth|persistence|privilege-escalation|initial-access
OilRig,T1082,System Information Discovery,discovery
OilRig,T1087,Account Discovery,discovery
OilRig,T1105,Ingress Tool Transfer,command-and-control
OilRig,T1110,Brute Force,credential-access
OilRig,T1112,Modify Registry,defense-impairment|persistence
OilRig,T1113,Screen Capture,collection
OilRig,T1115,Clipboard Data,collection
OilRig,T1119,Automated Collection,collection
OilRig,T1120,Peripheral Device Discovery,discovery
OilRig,T1133,External Remote Services,persistence|initial-access
OilRig,T1137,Office Application Startup,persistence
OilRig,T1140,Deobfuscate/Decode Files or Information,stealth
OilRig,T1195,Supply Chain Compromise,initial-access
OilRig,T1201,Password Policy Discovery,discovery
OilRig,T1203,Exploitation for Client Execution,execution
OilRig,T1204,User Execution,execution
OilRig,T1218,System Binary Proxy Execution,stealth
OilRig,T1219,Remote Access Tools,command-and-control
OilRig,T1497,Virtualization/Sandbox Evasion,stealth|discovery
OilRig,T1505,Server Software Component,persistence
OilRig,T1543,Create or Modify System Process,persistence|privilege-escalation
OilRig,T1552,Unsecured Credentials,credential-access
OilRig,T1553,Subvert Trust Controls,defense-impairment
OilRig,T1555,Credentials from Password Stores,credential-access
OilRig,T1556,Modify Authentication Process,defense-impairment|persistence|credential-access
OilRig,T1566,Phishing,initial-access
OilRig,T1572,Protocol Tunneling,command-and-control
OilRig,T1573,Encrypted Channel,command-and-control
OilRig,T1583,Acquire Infrastructure,resource-development
OilRig,T1586,Compromise Accounts,resource-development
OilRig,T1587,Develop Capabilities,resource-development
OilRig,T1588,Obtain Capabilities,resource-development
OilRig,T1608,Stage Capabilities,resource-development
OilRig,T1686,Disable or Modify System Firewall,defense-impairment
Orangeworm,T1021,Remote Services,lateral-movement
Orangeworm,T1071,Application Layer Protocol,command-and-control
Patchwork,T1005,Data from Local System,collection
Patchwork,T1021,Remote Services,lateral-movement
Patchwork,T1027,Obfuscated Files or Information,stealth
Patchwork,T1033,System Owner/User Discovery,discovery
Patchwork,T1036,Masquerading,stealth
Patchwork,T1053,Scheduled Task/Job,execution|persistence|privilege-escalation
Patchwork,T1055,Process Injection,stealth|privilege-escalation
Patchwork,T1059,Command and Scripting Interpreter,execution
Patchwork,T1070,Indicator Removal,stealth
Patchwork,T1074,Data Staged,collection
Patchwork,T1082,System Information Discovery,discovery
Patchwork,T1083,File and Directory Discovery,discovery
Patchwork,T1102,Web Service,command-and-control
Patchwork,T1105,Ingress Tool Transfer,command-and-control
Patchwork,T1112,Modify Registry,defense-impairment|persistence
Patchwork,T1119,Automated Collection,collection
Patchwork,T1132,Data Encoding,command-and-control
Patchwork,T1189,Drive-by Compromise,initial-access
Patchwork,T1197,BITS Jobs,stealth|persistence|execution
Patchwork,T1203,Exploitation for Client Execution,execution
Patchwork,T1204,User Execution,execution
Patchwork,T1518,Software Discovery,discovery
Patchwork,T1547,Boot or Logon Autostart Execution,persistence|privilege-escalation
Patchwork,T1548,Abuse Elevation Control Mechanism,privilege-escalation
Patchwork,T1553,Subvert Trust Controls,defense-impairment
Patchwork,T1555,Credentials from Password Stores,credential-access
Patchwork,T1559,Inter-Process Communication,execution
Patchwork,T1560,Archive Collected Data,collection
Patchwork,T1566,Phishing,initial-access
Patchwork,T1574,Hijack Execution Flow,stealth|execution
Patchwork,T1587,Develop Capabilities,resource-development
Patchwork,T1588,Obtain Capabilities,resource-development
Patchwork,T1598,Phishing for Information,reconnaissance
Patchwork,T1680,Local Storage Discovery,discovery
PittyTiger,T1078,Valid Accounts,stealth|persistence|privilege-escalation|initial-access
PittyTiger,T1588,Obtain Capabilities,resource-development
PLATINUM,T1003,OS Credential Dumping,credential-access
PLATINUM,T1036,Masquerading,stealth
PLATINUM,T1055,Process Injection,stealth|privilege-escalation
PLATINUM,T1056,Input Capture,collection|credential-access
PLATINUM,T1068,Exploitation for Privilege Escalation,privilege-escalation
PLATINUM,T1095,Non-Application Layer Protocol,command-and-control
PLATINUM,T1105,Ingress Tool Transfer,command-and-control
PLATINUM,T1189,Drive-by Compromise,initial-access
PLATINUM,T1204,User Execution,execution
PLATINUM,T1566,Phishing,initial-access
Play,T1003,OS Credential Dumping,credential-access
Play,T1016,System Network Configuration Discovery,discovery
Play,T1018,Remote System Discovery,discovery
Play,T1021,Remote Services,lateral-movement
Play,T1027,Obfuscated Files or Information,stealth
Play,T1030,Data Transfer Size Limits,exfiltration
Play,T1048,Exfiltration Over Alternative Protocol,exfiltration
Play,T1057,Process Discovery,discovery
Play,T1059,Command and Scripting Interpreter,execution
Play,T1070,Indicator Removal,stealth
Play,T1078,Valid Accounts,stealth|persistence|privilege-escalation|initial-access
Play,T1082,System Information Discovery,discovery
Play,T1083,File and Directory Discovery,discovery
Play,T1105,Ingress Tool Transfer,command-and-control
Play,T1133,External Remote Services,persistence|initial-access
Play,T1190,Exploit Public-Facing Application,initial-access
Play,T1518,Software Discovery,discovery
Play,T1560,Archive Collected Data,collection
Play,T1587,Develop Capabilities,resource-development
Play,T1588,Obtain Capabilities,resource-development
Play,T1657,Financial Theft,impact
Play,T1685,Disable or Modify Tools,defense-impairment
POLONIUM,T1078,Valid Accounts,stealth|persistence|privilege-escalation|initial-access
POLONIUM,T1090,Proxy,command-and-control
POLONIUM,T1102,Web Service,command-and-control
POLONIUM,T1199,Trusted Relationship,initial-access
POLONIUM,T1567,Exfiltration Over Web Service,exfiltration
POLONIUM,T1583,Acquire Infrastructure,resource-development
POLONIUM,T1588,Obtain Capabilities,resource-development
Poseidon Group,T1003,OS Credential Dumping,credential-access
Poseidon Group,T1007,System Service Discovery,discovery
Poseidon Group,T1036,Masquerading,stealth
Poseidon Group,T1049,System Network Connections Discovery,discovery
Poseidon Group,T1057,Process Discovery,discovery
Poseidon Group,T1059,Command and Scripting Interpreter,execution
Poseidon Group,T1087,Account Discovery,discovery
PROMETHIUM,T1036,Masquerading,stealth
PROMETHIUM,T1078,Valid Accounts,stealth|persistence|privilege-escalation|initial-access
PROMETHIUM,T1189,Drive-by Compromise,initial-access
PROMETHIUM,T1204,User Execution,execution
PROMETHIUM,T1205,Traffic Signaling,stealth|persistence|command-and-control
PROMETHIUM,T1543,Create or Modify System Process,persistence|privilege-escalation
PROMETHIUM,T1547,Boot or Logon Autostart Execution,persistence|privilege-escalation
PROMETHIUM,T1553,Subvert Trust Controls,defense-impairment
PROMETHIUM,T1587,Develop Capabilities,resource-development
Putter Panda,T1027,Obfuscated Files or Information,stealth
Putter Panda,T1055,Process Injection,stealth|privilege-escalation
Putter Panda,T1547,Boot or Logon Autostart Execution,persistence|privilege-escalation
Putter Panda,T1685,Disable or Modify Tools,defense-impairment
Rancor,T1053,Scheduled Task/Job,execution|persistence|privilege-escalation
Rancor,T1059,Command and Scripting Interpreter,execution
Rancor,T1071,Application Layer Protocol,command-and-control
Rancor,T1105,Ingress Tool Transfer,command-and-control
Rancor,T1204,User Execution,execution
Rancor,T1218,System Binary Proxy Execution,stealth
Rancor,T1546,Event Triggered Execution,privilege-escalation|persistence
Rancor,T1566,Phishing,initial-access
RedCurl,T1003,OS Credential Dumping,credential-access
RedCurl,T1005,Data from Local System,collection
RedCurl,T1020,Automated Exfiltration,exfiltration
RedCurl,T1027,Obfuscated Files or Information,stealth
RedCurl,T1036,Masquerading,stealth
RedCurl,T1039,Data from Network Shared Drive,collection
RedCurl,T1046,Network Service Discovery,discovery
RedCurl,T1053,Scheduled Task/Job,execution|persistence|privilege-escalation
RedCurl,T1056,Input Capture,collection|credential-access
RedCurl,T1059,Command and Scripting Interpreter,execution
RedCurl,T1070,Indicator Removal,stealth
RedCurl,T1071,Application Layer Protocol,command-and-control
RedCurl,T1080,Taint Shared Content,lateral-movement
RedCurl,T1082,System Information Discovery,discovery
RedCurl,T1083,File and Directory Discovery,discovery
RedCurl,T1087,Account Discovery,discovery
RedCurl,T1102,Web Service,command-and-control
RedCurl,T1114,Email Collection,collection
RedCurl,T1119,Automated Collection,collection
RedCurl,T1199,Trusted Relationship,initial-access
RedCurl,T1202,Indirect Command Execution,stealth
RedCurl,T1204,User Execution,execution
RedCurl,T1218,System Binary Proxy Execution,stealth
RedCurl,T1537,Transfer Data to Cloud Account,exfiltration
RedCurl,T1547,Boot or Logon Autostart Execution,persistence|privilege-escalation
RedCurl,T1552,Unsecured Credentials,credential-access
RedCurl,T1555,Credentials from Password Stores,credential-access
RedCurl,T1560,Archive Collected Data,collection
RedCurl,T1564,Hide Artifacts,stealth
RedCurl,T1566,Phishing,initial-access
RedCurl,T1573,Encrypted Channel,command-and-control
RedCurl,T1587,Develop Capabilities,resource-development
RedEcho,T1071,Application Layer Protocol,command-and-control
RedEcho,T1568,Dynamic Resolution,command-and-control
RedEcho,T1571,Non-Standard Port,command-and-control
RedEcho,T1573,Encrypted Channel,command-and-control
RedEcho,T1583,Acquire Infrastructure,resource-development
Rocke,T1014,Rootkit,stealth
Rocke,T1018,Remote System Discovery,discovery
Rocke,T1021,Remote Services,lateral-movement
Rocke,T1027,Obfuscated Files or Information,stealth
Rocke,T1036,Masquerading,stealth
Rocke,T1037,Boot or Logon Initialization Scripts,persistence|privilege-escalation
Rocke,T1046,Network Service Discovery,discovery
Rocke,T1053,Scheduled Task/Job,execution|persistence|privilege-escalation
Rocke,T1055,Process Injection,stealth|privilege-escalation
Rocke,T1057,Process Discovery,discovery
Rocke,T1059,Command and Scripting Interpreter,execution
Rocke,T1070,Indicator Removal,stealth
Rocke,T1071,Application Layer Protocol,command-and-control
Rocke,T1082,System Information Discovery,discovery
Rocke,T1102,Web Service,command-and-control
Rocke,T1105,Ingress Tool Transfer,command-and-control
Rocke,T1140,Deobfuscate/Decode Files or Information,stealth
Rocke,T1190,Exploit Public-Facing Application,initial-access
Rocke,T1222,File and Directory Permissions Modification,defense-impairment
Rocke,T1496,Resource Hijacking,impact
Rocke,T1518,Software Discovery,discovery
Rocke,T1543,Create or Modify System Process,persistence|privilege-escalation
Rocke,T1547,Boot or Logon Autostart Execution,persistence|privilege-escalation
Rocke,T1552,Unsecured Credentials,credential-access
Rocke,T1564,Hide Artifacts,stealth
Rocke,T1571,Non-Standard Port,command-and-control
Rocke,T1574,Hijack Execution Flow,stealth|execution
Rocke,T1685,Disable or Modify Tools,defense-impairment
Rocke,T1686,Disable or Modify System Firewall,defense-impairment
RTM,T1102,Web Service,command-and-control
RTM,T1189,Drive-by Compromise,initial-access
RTM,T1204,User Execution,execution
RTM,T1219,Remote Access Tools,command-and-control
RTM,T1547,Boot or Logon Autostart Execution,persistence|privilege-escalation
RTM,T1566,Phishing,initial-access
RTM,T1574,Hijack Execution Flow,stealth|execution
Saint Bear,T1027,Obfuscated Files or Information,stealth
Saint Bear,T1059,Command and Scripting Interpreter,execution
Saint Bear,T1112,Modify Registry,defense-impairment|persistence
Saint Bear,T1203,Exploitation for Client Execution,execution
Saint Bear,T1204,User Execution,execution
Saint Bear,T1497,Virtualization/Sandbox Evasion,stealth|discovery
Saint Bear,T1553,Subvert Trust Controls,defense-impairment
Saint Bear,T1566,Phishing,initial-access
Saint Bear,T1583,Acquire Infrastructure,resource-development
Saint Bear,T1589,Gather Victim Identity Information,reconnaissance
Saint Bear,T1608,Stage Capabilities,resource-development
Saint Bear,T1684,Social Engineering,stealth
Saint Bear,T1685,Disable or Modify Tools,defense-impairment
Salt Typhoon,T1021,Remote Services,lateral-movement
Salt Typhoon,T1040,Network Sniffing,credential-access|discovery
Salt Typhoon,T1048,Exfiltration Over Alternative Protocol,exfiltration
Salt Typhoon,T1098,Account Manipulation,persistence|privilege-escalation
Salt Typhoon,T1110,Brute Force,credential-access
Salt Typhoon,T1136,Create Account,persistence
Salt Typhoon,T1190,Exploit Public-Facing Application,initial-access
Salt Typhoon,T1572,Protocol Tunneling,command-and-control
Salt Typhoon,T1587,Develop Capabilities,resource-development
Salt Typhoon,T1588,Obtain Capabilities,resource-development
Salt Typhoon,T1590,Gather Victim Network Information,reconnaissance
Salt Typhoon,T1602,Data from Configuration Repository,collection
Salt Typhoon,T1685,Disable or Modify Tools,defense-impairment
Salt Typhoon,T1686,Disable or Modify System Firewall,defense-impairment
Sandworm Team,T1003,OS Credential Dumping,credential-access
Sandworm Team,T1005,Data from Local System,collection
Sandworm Team,T1018,Remote System Discovery,discovery
Sandworm Team,T1021,Remote Services,lateral-movement
Sandworm Team,T1027,Obfuscated Files or Information,stealth
Sandworm Team,T1033,System Owner/User Discovery,discovery
Sandworm Team,T1036,Masquerading,stealth
Sandworm Team,T1040,Network Sniffing,credential-access|discovery
Sandworm Team,T1041,Exfiltration Over C2 Channel,exfiltration
Sandworm Team,T1047,Windows Management Instrumentation,execution
Sandworm Team,T1049,System Network Connections Discovery,discovery
Sandworm Team,T1053,Scheduled Task/Job,execution|persistence|privilege-escalation
Sandworm Team,T1056,Input Capture,collection|credential-access
Sandworm Team,T1059,Command and Scripting Interpreter,execution
Sandworm Team,T1070,Indicator Removal,stealth
Sandworm Team,T1071,Application Layer Protocol,command-and-control
Sandworm Team,T1072,Software Deployment Tools,execution|lateral-movement
Sandworm Team,T1078,Valid Accounts,stealth|persistence|privilege-escalation|initial-access
Sandworm Team,T1082,System Information Discovery,discovery
Sandworm Team,T1083,File and Directory Discovery,discovery
Sandworm Team,T1087,Account Discovery,discovery
Sandworm Team,T1090,Proxy,command-and-control
Sandworm Team,T1102,Web Service,command-and-control
Sandworm Team,T1105,Ingress Tool Transfer,command-and-control
Sandworm Team,T1106,Native API,execution
Sandworm Team,T1132,Data Encoding,command-and-control
Sandworm Team,T1133,External Remote Services,persistence|initial-access
Sandworm Team,T1140,Deobfuscate/Decode Files or Information,stealth
Sandworm Team,T1190,Exploit Public-Facing Application,initial-access
Sandworm Team,T1195,Supply Chain Compromise,initial-access
Sandworm Team,T1199,Trusted Relationship,initial-access
Sandworm Team,T1203,Exploitation for Client Execution,execution
Sandworm Team,T1204,User Execution,execution
Sandworm Team,T1213,Data from Information Repositories,collection
Sandworm Team,T1218,System Binary Proxy Execution,stealth
Sandworm Team,T1219,Remote Access Tools,command-and-control
Sandworm Team,T1485,Data Destruction,impact
Sandworm Team,T1486,Data Encrypted for Impact,impact
Sandworm Team,T1489,Service Stop,impact
Sandworm Team,T1490,Inhibit System Recovery,impact
Sandworm Team,T1491,Defacement,impact
Sandworm Team,T1499,Endpoint Denial of Service,impact
Sandworm Team,T1505,Server Software Component,persistence
Sandworm Team,T1539,Steal Web Session Cookie,credential-access
Sandworm Team,T1555,Credentials from Password Stores,credential-access
Sandworm Team,T1561,Disk Wipe,impact
Sandworm Team,T1566,Phishing,initial-access
Sandworm Team,T1570,Lateral Tool Transfer,lateral-movement
Sandworm Team,T1571,Non-Standard Port,command-and-control
Sandworm Team,T1583,Acquire Infrastructure,resource-development
Sandworm Team,T1584,Compromise Infrastructure,resource-development
Sandworm Team,T1585,Establish Accounts,resource-development
Sandworm Team,T1586,Compromise Accounts,resource-development
Sandworm Team,T1587,Develop Capabilities,resource-development
Sandworm Team,T1588,Obtain Capabilities,resource-development
Sandworm Team,T1589,Gather Victim Identity Information,reconnaissance
Sandworm Team,T1590,Gather Victim Network Information,reconnaissance
Sandworm Team,T1591,Gather Victim Org Information,reconnaissance
Sandworm Team,T1592,Gather Victim Host Information,reconnaissance
Sandworm Team,T1593,Search Open Websites/Domains,reconnaissance
Sandworm Team,T1594,Search Victim-Owned Websites,reconnaissance
Sandworm Team,T1595,Active Scanning,reconnaissance
Sandworm Team,T1598,Phishing for Information,reconnaissance
Sandworm Team,T1608,Stage Capabilities,resource-development
Scarlet Mimic,T1036,Masquerading,stealth
Scattered Spider,T1003,OS Credential Dumping,credential-access
Scattered Spider,T1006,Direct Volume Access,stealth
Scattered Spider,T1016,System Network Configuration Discovery,discovery
Scattered Spider,T1018,Remote System Discovery,discovery
Scattered Spider,T1021,Remote Services,lateral-movement
Scattered Spider,T1041,Exfiltration Over C2 Channel,exfiltration
Scattered Spider,T1059,Command and Scripting Interpreter,execution
Scattered Spider,T1068,Exploitation for Privilege Escalation,privilege-escalation
Scattered Spider,T1069,Permission Groups Discovery,discovery
Scattered Spider,T1070,Indicator Removal,stealth
Scattered Spider,T1074,Data Staged,collection
Scattered Spider,T1078,Valid Accounts,stealth|persistence|privilege-escalation|initial-access
Scattered Spider,T1082,System Information Discovery,discovery
Scattered Spider,T1083,File and Directory Discovery,discovery
Scattered Spider,T1087,Account Discovery,discovery
Scattered Spider,T1090,Proxy,command-and-control
Scattered Spider,T1098,Account Manipulation,persistence|privilege-escalation
Scattered Spider,T1105,Ingress Tool Transfer,command-and-control
Scattered Spider,T1114,Email Collection,collection
Scattered Spider,T1133,External Remote Services,persistence|initial-access
Scattered Spider,T1136,Create Account,persistence
Scattered Spider,T1204,User Execution,execution
Scattered Spider,T1213,Data from Information Repositories,collection
Scattered Spider,T1217,Browser Information Discovery,discovery
Scattered Spider,T1219,Remote Access Tools,command-and-control
Scattered Spider,T1484,Domain or Tenant Policy Modification,defense-impairment|privilege-escalation
Scattered Spider,T1486,Data Encrypted for Impact,impact
Scattered Spider,T1490,Inhibit System Recovery,impact
Scattered Spider,T1530,Data from Cloud Storage,collection
Scattered Spider,T1538,Cloud Service Dashboard,discovery
Scattered Spider,T1539,Steal Web Session Cookie,credential-access
Scattered Spider,T1543,Create or Modify System Process,persistence|privilege-escalation
Scattered Spider,T1552,Unsecured Credentials,credential-access
Scattered Spider,T1553,Subvert Trust Controls,defense-impairment
Scattered Spider,T1555,Credentials from Password Stores,credential-access
Scattered Spider,T1556,Modify Authentication Process,defense-impairment|persistence|credential-access
Scattered Spider,T1564,Hide Artifacts,stealth
Scattered Spider,T1567,Exfiltration Over Web Service,exfiltration
Scattered Spider,T1572,Protocol Tunneling,command-and-control
Scattered Spider,T1578,Modify Cloud Compute Infrastructure,defense-impairment
Scattered Spider,T1580,Cloud Infrastructure Discovery,discovery
Scattered Spider,T1583,Acquire Infrastructure,resource-development
Scattered Spider,T1585,Establish Accounts,resource-development
Scattered Spider,T1588,Obtain Capabilities,resource-development
Scattered Spider,T1589,Gather Victim Identity Information,reconnaissance
Scattered Spider,T1598,Phishing for Information,reconnaissance
Scattered Spider,T1621,Multi-Factor Authentication Request Generation,credential-access
Scattered Spider,T1657,Financial Theft,impact
Scattered Spider,T1684,Social Engineering,stealth
Scattered Spider,T1685,Disable or Modify Tools,defense-impairment
Sea Turtle,T1027,Obfuscated Files or Information,stealth
Sea Turtle,T1059,Command and Scripting Interpreter,execution
Sea Turtle,T1071,Application Layer Protocol,command-and-control
Sea Turtle,T1074,Data Staged,collection
Sea Turtle,T1078,Valid Accounts,stealth|persistence|privilege-escalation|initial-access
Sea Turtle,T1114,Email Collection,collection
Sea Turtle,T1133,External Remote Services,persistence|initial-access
Sea Turtle,T1190,Exploit Public-Facing Application,initial-access
Sea Turtle,T1199,Trusted Relationship,initial-access
Sea Turtle,T1203,Exploitation for Client Execution,execution
Sea Turtle,T1213,Data from Information Repositories,collection
Sea Turtle,T1505,Server Software Component,persistence
Sea Turtle,T1557,Adversary-in-the-Middle,credential-access|collection
Sea Turtle,T1560,Archive Collected Data,collection
Sea Turtle,T1564,Hide Artifacts,stealth
Sea Turtle,T1566,Phishing,initial-access
Sea Turtle,T1583,Acquire Infrastructure,resource-development
Sea Turtle,T1584,Compromise Infrastructure,resource-development
Sea Turtle,T1588,Obtain Capabilities,resource-development
Sea Turtle,T1608,Stage Capabilities,resource-development
Sea Turtle,T1685,Disable or Modify Tools,defense-impairment
Sea Turtle,T1690,Prevent Command History Logging,defense-impairment
ShinyHunters,T1016,System Network Configuration Discovery,discovery
ShinyHunters,T1018,Remote System Discovery,discovery
ShinyHunters,T1036,Masquerading,stealth
ShinyHunters,T1059,Command and Scripting Interpreter,execution
ShinyHunters,T1069,Permission Groups Discovery,discovery
ShinyHunters,T1072,Software Deployment Tools,execution|lateral-movement
ShinyHunters,T1078,Valid Accounts,stealth|persistence|privilege-escalation|initial-access
ShinyHunters,T1082,System Information Discovery,discovery
ShinyHunters,T1083,File and Directory Discovery,discovery
ShinyHunters,T1090,Proxy,command-and-control
ShinyHunters,T1105,Ingress Tool Transfer,command-and-control
ShinyHunters,T1110,Brute Force,credential-access
ShinyHunters,T1190,Exploit Public-Facing Application,initial-access
ShinyHunters,T1195,Supply Chain Compromise,initial-access
ShinyHunters,T1203,Exploitation for Client Execution,execution
ShinyHunters,T1210,Exploitation of Remote Services,lateral-movement
ShinyHunters,T1213,Data from Information Repositories,collection
ShinyHunters,T1219,Remote Access Tools,command-and-control
ShinyHunters,T1485,Data Destruction,impact
ShinyHunters,T1491,Defacement,impact
ShinyHunters,T1528,Steal Application Access Token,credential-access
ShinyHunters,T1530,Data from Cloud Storage,collection
ShinyHunters,T1550,Use Alternate Authentication Material,lateral-movement
ShinyHunters,T1552,Unsecured Credentials,credential-access
ShinyHunters,T1560,Archive Collected Data,collection
ShinyHunters,T1567,Exfiltration Over Web Service,exfiltration
ShinyHunters,T1573,Encrypted Channel,command-and-control
ShinyHunters,T1580,Cloud Infrastructure Discovery,discovery
ShinyHunters,T1583,Acquire Infrastructure,resource-development
ShinyHunters,T1585,Establish Accounts,resource-development
ShinyHunters,T1587,Develop Capabilities,resource-development
ShinyHunters,T1588,Obtain Capabilities,resource-development
ShinyHunters,T1589,Gather Victim Identity Information,reconnaissance
ShinyHunters,T1593,Search Open Websites/Domains,reconnaissance
ShinyHunters,T1595,Active Scanning,reconnaissance
ShinyHunters,T1598,Phishing for Information,reconnaissance
ShinyHunters,T1619,Cloud Storage Object Discovery,discovery
ShinyHunters,T1657,Financial Theft,impact
ShinyHunters,T1684,Social Engineering,stealth
SideCopy,T1016,System Network Configuration Discovery,discovery
SideCopy,T1036,Masquerading,stealth
SideCopy,T1059,Command and Scripting Interpreter,execution
SideCopy,T1082,System Information Discovery,discovery
SideCopy,T1105,Ingress Tool Transfer,command-and-control
SideCopy,T1106,Native API,execution
SideCopy,T1204,User Execution,execution
SideCopy,T1218,System Binary Proxy Execution,stealth
SideCopy,T1518,Software Discovery,discovery
SideCopy,T1566,Phishing,initial-access
SideCopy,T1574,Hijack Execution Flow,stealth|execution
SideCopy,T1584,Compromise Infrastructure,resource-development
SideCopy,T1598,Phishing for Information,reconnaissance
SideCopy,T1608,Stage Capabilities,resource-development
SideCopy,T1614,System Location Discovery,discovery
Sidewinder,T1016,System Network Configuration Discovery,discovery
Sidewinder,T1020,Automated Exfiltration,exfiltration
Sidewinder,T1027,Obfuscated Files or Information,stealth
Sidewinder,T1033,System Owner/User Discovery,discovery
Sidewinder,T1036,Masquerading,stealth
Sidewinder,T1057,Process Discovery,discovery
Sidewinder,T1059,Command and Scripting Interpreter,execution
Sidewinder,T1071,Application Layer Protocol,command-and-control
Sidewinder,T1074,Data Staged,collection
Sidewinder,T1082,System Information Discovery,discovery
Sidewinder,T1083,File and Directory Discovery,discovery
Sidewinder,T1105,Ingress Tool Transfer,command-and-control
Sidewinder,T1119,Automated Collection,collection
Sidewinder,T1124,System Time Discovery,discovery
Sidewinder,T1203,Exploitation for Client Execution,execution
Sidewinder,T1204,User Execution,execution
Sidewinder,T1218,System Binary Proxy Execution,stealth
Sidewinder,T1518,Software Discovery,discovery
Sidewinder,T1547,Boot or Logon Autostart Execution,persistence|privilege-escalation
Sidewinder,T1559,Inter-Process Communication,execution
Sidewinder,T1566,Phishing,initial-access
Sidewinder,T1574,Hijack Execution Flow,stealth|execution
Sidewinder,T1598,Phishing for Information,reconnaissance
Silence,T1003,OS Credential Dumping,credential-access
Silence,T1018,Remote System Discovery,discovery
Silence,T1021,Remote Services,lateral-movement
Silence,T1027,Obfuscated Files or Information,stealth
Silence,T1036,Masquerading,stealth
Silence,T1053,Scheduled Task/Job,execution|persistence|privilege-escalation
Silence,T1055,Process Injection,stealth|privilege-escalation
Silence,T1059,Command and Scripting Interpreter,execution
Silence,T1070,Indicator Removal,stealth
Silence,T1072,Software Deployment Tools,execution|lateral-movement
Silence,T1078,Valid Accounts,stealth|persistence|privilege-escalation|initial-access
Silence,T1090,Proxy,command-and-control
Silence,T1105,Ingress Tool Transfer,command-and-control
Silence,T1106,Native API,execution
Silence,T1112,Modify Registry,defense-impairment|persistence
Silence,T1113,Screen Capture,collection
Silence,T1125,Video Capture,collection
Silence,T1204,User Execution,execution
Silence,T1218,System Binary Proxy Execution,stealth
Silence,T1547,Boot or Logon Autostart Execution,persistence|privilege-escalation
Silence,T1553,Subvert Trust Controls,defense-impairment
Silence,T1566,Phishing,initial-access
Silence,T1569,System Services,execution
Silence,T1571,Non-Standard Port,command-and-control
Silence,T1588,Obtain Capabilities,resource-development
Silent Librarian,T1078,Valid Accounts,stealth|persistence|privilege-escalation|initial-access
Silent Librarian,T1110,Brute Force,credential-access
Silent Librarian,T1114,Email Collection,collection
Silent Librarian,T1583,Acquire Infrastructure,resource-development
Silent Librarian,T1585,Establish Accounts,resource-development
Silent Librarian,T1588,Obtain Capabilities,resource-development
Silent Librarian,T1589,Gather Victim Identity Information,reconnaissance
Silent Librarian,T1594,Search Victim-Owned Websites,reconnaissance
Silent Librarian,T1598,Phishing for Information,reconnaissance
Silent Librarian,T1608,Stage Capabilities,resource-development
SilverTerrier,T1071,Application Layer Protocol,command-and-control
SilverTerrier,T1657,Financial Theft,impact
Sowbug,T1003,OS Credential Dumping,credential-access
Sowbug,T1036,Masquerading,stealth
Sowbug,T1039,Data from Network Shared Drive,collection
Sowbug,T1056,Input Capture,collection|credential-access
Sowbug,T1059,Command and Scripting Interpreter,execution
Sowbug,T1082,System Information Discovery,discovery
Sowbug,T1083,File and Directory Discovery,discovery
Sowbug,T1135,Network Share Discovery,discovery
Sowbug,T1560,Archive Collected Data,collection
Star Blizzard,T1059,Command and Scripting Interpreter,execution
Star Blizzard,T1078,Valid Accounts,stealth|persistence|privilege-escalation|initial-access
Star Blizzard,T1114,Email Collection,collection
Star Blizzard,T1204,User Execution,execution
Star Blizzard,T1539,Steal Web Session Cookie,credential-access
Star Blizzard,T1550,Use Alternate Authentication Material,lateral-movement
Star Blizzard,T1566,Phishing,initial-access
Star Blizzard,T1583,Acquire Infrastructure,resource-development
Star Blizzard,T1585,Establish Accounts,resource-development
Star Blizzard,T1586,Compromise Accounts,resource-development
Star Blizzard,T1588,Obtain Capabilities,resource-development
Star Blizzard,T1589,Gather Victim Identity Information,reconnaissance
Star Blizzard,T1593,Search Open Websites/Domains,reconnaissance
Star Blizzard,T1598,Phishing for Information,reconnaissance
Star Blizzard,T1608,Stage Capabilities,resource-development
Star Blizzard,T1684,Social Engineering,stealth
Stealth Falcon,T1005,Data from Local System,collection
Stealth Falcon,T1012,Query Registry,discovery
Stealth Falcon,T1016,System Network Configuration Discovery,discovery
Stealth Falcon,T1033,System Owner/User Discovery,discovery
Stealth Falcon,T1041,Exfiltration Over C2 Channel,exfiltration
Stealth Falcon,T1047,Windows Management Instrumentation,execution
Stealth Falcon,T1053,Scheduled Task/Job,execution|persistence|privilege-escalation
Stealth Falcon,T1057,Process Discovery,discovery
Stealth Falcon,T1059,Command and Scripting Interpreter,execution
Stealth Falcon,T1071,Application Layer Protocol,command-and-control
Stealth Falcon,T1082,System Information Discovery,discovery
Stealth Falcon,T1555,Credentials from Password Stores,credential-access
Stealth Falcon,T1573,Encrypted Channel,command-and-control
Storm-0501,T1003,OS Credential Dumping,credential-access
Storm-0501,T1021,Remote Services,lateral-movement
Storm-0501,T1027,Obfuscated Files or Information,stealth
Storm-0501,T1036,Masquerading,stealth
Storm-0501,T1053,Scheduled Task/Job,execution|persistence|privilege-escalation
Storm-0501,T1057,Process Discovery,discovery
Storm-0501,T1059,Command and Scripting Interpreter,execution
Storm-0501,T1078,Valid Accounts,stealth|persistence|privilege-escalation|initial-access
Storm-0501,T1082,System Information Discovery,discovery
Storm-0501,T1087,Account Discovery,discovery
Storm-0501,T1098,Account Manipulation,persistence|privilege-escalation
Storm-0501,T1110,Brute Force,credential-access
Storm-0501,T1190,Exploit Public-Facing Application,initial-access
Storm-0501,T1218,System Binary Proxy Execution,stealth
Storm-0501,T1219,Remote Access Tools,command-and-control
Storm-0501,T1482,Domain Trust Discovery,discovery
Storm-0501,T1484,Domain or Tenant Policy Modification,defense-impairment|privilege-escalation
Storm-0501,T1485,Data Destruction,impact
Storm-0501,T1486,Data Encrypted for Impact,impact
Storm-0501,T1490,Inhibit System Recovery,impact
Storm-0501,T1518,Software Discovery,discovery
Storm-0501,T1526,Cloud Service Discovery,discovery
Storm-0501,T1530,Data from Cloud Storage,collection
Storm-0501,T1537,Transfer Data to Cloud Account,exfiltration
Storm-0501,T1552,Unsecured Credentials,credential-access
Storm-0501,T1555,Credentials from Password Stores,credential-access
Storm-0501,T1556,Modify Authentication Process,defense-impairment|persistence|credential-access
Storm-0501,T1567,Exfiltration Over Web Service,exfiltration
Storm-0501,T1578,Modify Cloud Compute Infrastructure,defense-impairment
Storm-0501,T1580,Cloud Infrastructure Discovery,discovery
Storm-0501,T1587,Develop Capabilities,resource-development
Storm-0501,T1588,Obtain Capabilities,resource-development
Storm-0501,T1614,System Location Discovery,discovery
Storm-0501,T1657,Financial Theft,impact
Storm-1811,T1021,Remote Services,lateral-movement
Storm-1811,T1027,Obfuscated Files or Information,stealth
Storm-1811,T1033,System Owner/User Discovery,discovery
Storm-1811,T1036,Masquerading,stealth
Storm-1811,T1048,Exfiltration Over Alternative Protocol,exfiltration
Storm-1811,T1056,Input Capture,collection|credential-access
Storm-1811,T1059,Command and Scripting Interpreter,execution
Storm-1811,T1074,Data Staged,collection
Storm-1811,T1087,Account Discovery,discovery
Storm-1811,T1105,Ingress Tool Transfer,command-and-control
Storm-1811,T1140,Deobfuscate/Decode Files or Information,stealth
Storm-1811,T1204,User Execution,execution
Storm-1811,T1219,Remote Access Tools,command-and-control
Storm-1811,T1222,File and Directory Permissions Modification,defense-impairment
Storm-1811,T1482,Domain Trust Discovery,discovery
Storm-1811,T1486,Data Encrypted for Impact,impact
Storm-1811,T1547,Boot or Logon Autostart Execution,persistence|privilege-escalation
Storm-1811,T1566,Phishing,initial-access
Storm-1811,T1570,Lateral Tool Transfer,lateral-movement
Storm-1811,T1574,Hijack Execution Flow,stealth|execution
Storm-1811,T1583,Acquire Infrastructure,resource-development
Storm-1811,T1585,Establish Accounts,resource-development
Storm-1811,T1588,Obtain Capabilities,resource-development
Storm-1811,T1667,Email Bombing,impact
Storm-1811,T1684,Social Engineering,stealth
Strider,T1090,Proxy,command-and-control
Strider,T1556,Modify Authentication Process,defense-impairment|persistence|credential-access
Strider,T1564,Hide Artifacts,stealth
Suckfly,T1003,OS Credential Dumping,credential-access
Suckfly,T1046,Network Service Discovery,discovery
Suckfly,T1059,Command and Scripting Interpreter,execution
Suckfly,T1078,Valid Accounts,stealth|persistence|privilege-escalation|initial-access
Suckfly,T1553,Subvert Trust Controls,defense-impairment
TA2541,T1016,System Network Configuration Discovery,discovery
TA2541,T1027,Obfuscated Files or Information,stealth
TA2541,T1036,Masquerading,stealth
TA2541,T1047,Windows Management Instrumentation,execution
TA2541,T1053,Scheduled Task/Job,execution|persistence|privilege-escalation
TA2541,T1055,Process Injection,stealth|privilege-escalation
TA2541,T1059,Command and Scripting Interpreter,execution
TA2541,T1082,System Information Discovery,discovery
TA2541,T1105,Ingress Tool Transfer,command-and-control
TA2541,T1204,User Execution,execution
TA2541,T1218,System Binary Proxy Execution,stealth
TA2541,T1518,Software Discovery,discovery
TA2541,T1547,Boot or Logon Autostart Execution,persistence|privilege-escalation
TA2541,T1566,Phishing,initial-access
TA2541,T1568,Dynamic Resolution,command-and-control
TA2541,T1573,Encrypted Channel,command-and-control
TA2541,T1583,Acquire Infrastructure,resource-development
TA2541,T1588,Obtain Capabilities,resource-development
TA2541,T1608,Stage Capabilities,resource-development
TA2541,T1685,Disable or Modify Tools,defense-impairment
TA459,T1059,Command and Scripting Interpreter,execution
TA459,T1203,Exploitation for Client Execution,execution
TA459,T1204,User Execution,execution
TA459,T1566,Phishing,initial-access
TA505,T1027,Obfuscated Files or Information,stealth
TA505,T1055,Process Injection,stealth|privilege-escalation
TA505,T1059,Command and Scripting Interpreter,execution
TA505,T1069,Permission Groups Discovery,discovery
TA505,T1071,Application Layer Protocol,command-and-control
TA505,T1078,Valid Accounts,stealth|persistence|privilege-escalation|initial-access
TA505,T1087,Account Discovery,discovery
TA505,T1105,Ingress Tool Transfer,command-and-control
TA505,T1106,Native API,execution
TA505,T1112,Modify Registry,defense-impairment|persistence
TA505,T1140,Deobfuscate/Decode Files or Information,stealth
TA505,T1204,User Execution,execution
TA505,T1218,System Binary Proxy Execution,stealth
TA505,T1486,Data Encrypted for Impact,impact
TA505,T1552,Unsecured Credentials,credential-access
TA505,T1553,Subvert Trust Controls,defense-impairment
TA505,T1555,Credentials from Password Stores,credential-access
TA505,T1559,Inter-Process Communication,execution
TA505,T1566,Phishing,initial-access
TA505,T1568,Dynamic Resolution,command-and-control
TA505,T1583,Acquire Infrastructure,resource-development
TA505,T1588,Obtain Capabilities,resource-development
TA505,T1608,Stage Capabilities,resource-development
TA505,T1685,Disable or Modify Tools,defense-impairment
TA551,T1027,Obfuscated Files or Information,stealth
TA551,T1036,Masquerading,stealth
TA551,T1059,Command and Scripting Interpreter,execution
TA551,T1071,Application Layer Protocol,command-and-control
TA551,T1105,Ingress Tool Transfer,command-and-control
TA551,T1132,Data Encoding,command-and-control
TA551,T1204,User Execution,execution
TA551,T1218,System Binary Proxy Execution,stealth
TA551,T1566,Phishing,initial-access
TA551,T1568,Dynamic Resolution,command-and-control
TA551,T1589,Gather Victim Identity Information,reconnaissance
TA577,T1027,Obfuscated Files or Information,stealth
TA577,T1059,Command and Scripting Interpreter,execution
TA577,T1204,User Execution,execution
TA577,T1566,Phishing,initial-access
TA577,T1586,Compromise Accounts,resource-development
TA578,T1059,Command and Scripting Interpreter,execution
TA578,T1204,User Execution,execution
TA578,T1583,Acquire Infrastructure,resource-development
TA578,T1594,Search Victim-Owned Websites,reconnaissance
TeamPCP,T1005,Data from Local System,collection
TeamPCP,T1027,Obfuscated Files or Information,stealth
TeamPCP,T1036,Masquerading,stealth
TeamPCP,T1059,Command and Scripting Interpreter,execution
TeamPCP,T1078,Valid Accounts,stealth|persistence|privilege-escalation|initial-access
TeamPCP,T1098,Account Manipulation,persistence|privilege-escalation
TeamPCP,T1105,Ingress Tool Transfer,command-and-control
TeamPCP,T1176,Software Extensions,persistence
TeamPCP,T1190,Exploit Public-Facing Application,initial-access
TeamPCP,T1195,Supply Chain Compromise,initial-access
TeamPCP,T1485,Data Destruction,impact
TeamPCP,T1486,Data Encrypted for Impact,impact
TeamPCP,T1528,Steal Application Access Token,credential-access
TeamPCP,T1543,Create or Modify System Process,persistence|privilege-escalation
TeamPCP,T1546,Event Triggered Execution,privilege-escalation|persistence
TeamPCP,T1547,Boot or Logon Autostart Execution,persistence|privilege-escalation
TeamPCP,T1550,Use Alternate Authentication Material,lateral-movement
TeamPCP,T1552,Unsecured Credentials,credential-access
TeamPCP,T1553,Subvert Trust Controls,defense-impairment
TeamPCP,T1555,Credentials from Password Stores,credential-access
TeamPCP,T1564,Hide Artifacts,stealth
TeamPCP,T1583,Acquire Infrastructure,resource-development
TeamPCP,T1585,Establish Accounts,resource-development
TeamPCP,T1587,Develop Capabilities,resource-development
TeamPCP,T1608,Stage Capabilities,resource-development
TeamPCP,T1657,Financial Theft,impact
TeamPCP,T1677,Poisoned Pipeline Execution,execution
TeamPCP,T1683,Generate Content,resource-development
TeamPCP,T1684,Social Engineering,stealth
TeamTNT,T1007,System Service Discovery,discovery
TeamTNT,T1014,Rootkit,stealth
TeamTNT,T1016,System Network Configuration Discovery,discovery
TeamTNT,T1021,Remote Services,lateral-movement
TeamTNT,T1027,Obfuscated Files or Information,stealth
TeamTNT,T1036,Masquerading,stealth
TeamTNT,T1046,Network Service Discovery,discovery
TeamTNT,T1048,Exfiltration Over Alternative Protocol,exfiltration
TeamTNT,T1049,System Network Connections Discovery,discovery
TeamTNT,T1057,Process Discovery,discovery
TeamTNT,T1059,Command and Scripting Interpreter,execution
TeamTNT,T1070,Indicator Removal,stealth
TeamTNT,T1071,Application Layer Protocol,command-and-control
TeamTNT,T1074,Data Staged,collection
TeamTNT,T1082,System Information Discovery,discovery
TeamTNT,T1083,File and Directory Discovery,discovery
TeamTNT,T1098,Account Manipulation,persistence|privilege-escalation
TeamTNT,T1102,Web Service,command-and-control
TeamTNT,T1105,Ingress Tool Transfer,command-and-control
TeamTNT,T1120,Peripheral Device Discovery,discovery
TeamTNT,T1133,External Remote Services,persistence|initial-access
TeamTNT,T1136,Create Account,persistence
TeamTNT,T1140,Deobfuscate/Decode Files or Information,stealth
TeamTNT,T1204,User Execution,execution
TeamTNT,T1219,Remote Access Tools,command-and-control
TeamTNT,T1222,File and Directory Permissions Modification,defense-impairment
TeamTNT,T1496,Resource Hijacking,impact
TeamTNT,T1518,Software Discovery,discovery
TeamTNT,T1543,Create or Modify System Process,persistence|privilege-escalation
TeamTNT,T1547,Boot or Logon Autostart Execution,persistence|privilege-escalation
TeamTNT,T1552,Unsecured Credentials,credential-access
TeamTNT,T1569,System Services,execution
TeamTNT,T1583,Acquire Infrastructure,resource-development
TeamTNT,T1587,Develop Capabilities,resource-development
TeamTNT,T1595,Active Scanning,reconnaissance
TeamTNT,T1608,Stage Capabilities,resource-development
TeamTNT,T1609,Container Administration Command,execution
TeamTNT,T1610,Deploy Container,execution
TeamTNT,T1611,Escape to Host,privilege-escalation
TeamTNT,T1613,Container and Resource Discovery,discovery
TeamTNT,T1680,Local Storage Discovery,discovery
TeamTNT,T1685,Disable or Modify Tools,defense-impairment
TeamTNT,T1686,Disable or Modify System Firewall,defense-impairment
The White Company,T1027,Obfuscated Files or Information,stealth
The White Company,T1070,Indicator Removal,stealth
The White Company,T1124,System Time Discovery,discovery
The White Company,T1203,Exploitation for Client Execution,execution
The White Company,T1204,User Execution,execution
The White Company,T1518,Software Discovery,discovery
The White Company,T1566,Phishing,initial-access
Threat Group-1314,T1021,Remote Services,lateral-movement
Threat Group-1314,T1059,Command and Scripting Interpreter,execution
Threat Group-1314,T1072,Software Deployment Tools,execution|lateral-movement
Threat Group-1314,T1078,Valid Accounts,stealth|persistence|privilege-escalation|initial-access
Threat Group-3390,T1003,OS Credential Dumping,credential-access
Threat Group-3390,T1005,Data from Local System,collection
Threat Group-3390,T1012,Query Registry,discovery
Threat Group-3390,T1016,System Network Configuration Discovery,discovery
Threat Group-3390,T1018,Remote System Discovery,discovery
Threat Group-3390,T1021,Remote Services,lateral-movement
Threat Group-3390,T1027,Obfuscated Files or Information,stealth
Threat Group-3390,T1030,Data Transfer Size Limits,exfiltration
Threat Group-3390,T1033,System Owner/User Discovery,discovery
Threat Group-3390,T1046,Network Service Discovery,discovery
Threat Group-3390,T1047,Windows Management Instrumentation,execution
Threat Group-3390,T1049,System Network Connections Discovery,discovery
Threat Group-3390,T1053,Scheduled Task/Job,execution|persistence|privilege-escalation
Threat Group-3390,T1055,Process Injection,stealth|privilege-escalation
Threat Group-3390,T1056,Input Capture,collection|credential-access
Threat Group-3390,T1059,Command and Scripting Interpreter,execution
Threat Group-3390,T1068,Exploitation for Privilege Escalation,privilege-escalation
Threat Group-3390,T1070,Indicator Removal,stealth
Threat Group-3390,T1071,Application Layer Protocol,command-and-control
Threat Group-3390,T1074,Data Staged,collection
Threat Group-3390,T1078,Valid Accounts,stealth|persistence|privilege-escalation|initial-access
Threat Group-3390,T1087,Account Discovery,discovery
Threat Group-3390,T1105,Ingress Tool Transfer,command-and-control
Threat Group-3390,T1112,Modify Registry,defense-impairment|persistence
Threat Group-3390,T1119,Automated Collection,collection
Threat Group-3390,T1133,External Remote Services,persistence|initial-access
Threat Group-3390,T1140,Deobfuscate/Decode Files or Information,stealth
Threat Group-3390,T1189,Drive-by Compromise,initial-access
Threat Group-3390,T1190,Exploit Public-Facing Application,initial-access
Threat Group-3390,T1195,Supply Chain Compromise,initial-access
Threat Group-3390,T1199,Trusted Relationship,initial-access
Threat Group-3390,T1203,Exploitation for Client Execution,execution
Threat Group-3390,T1204,User Execution,execution
Threat Group-3390,T1210,Exploitation of Remote Services,lateral-movement
Threat Group-3390,T1505,Server Software Component,persistence
Threat Group-3390,T1543,Create or Modify System Process,persistence|privilege-escalation
Threat Group-3390,T1547,Boot or Logon Autostart Execution,persistence|privilege-escalation
Threat Group-3390,T1548,Abuse Elevation Control Mechanism,privilege-escalation
Threat Group-3390,T1555,Credentials from Password Stores,credential-access
Threat Group-3390,T1560,Archive Collected Data,collection
Threat Group-3390,T1566,Phishing,initial-access
Threat Group-3390,T1567,Exfiltration Over Web Service,exfiltration
Threat Group-3390,T1574,Hijack Execution Flow,stealth|execution
Threat Group-3390,T1583,Acquire Infrastructure,resource-development
Threat Group-3390,T1588,Obtain Capabilities,resource-development
Threat Group-3390,T1608,Stage Capabilities,resource-development
Threat Group-3390,T1685,Disable or Modify Tools,defense-impairment
Thrip,T1048,Exfiltration Over Alternative Protocol,exfiltration
Thrip,T1059,Command and Scripting Interpreter,execution
Thrip,T1219,Remote Access Tools,command-and-control
Thrip,T1588,Obtain Capabilities,resource-development
ToddyCat,T1005,Data from Local System,collection
ToddyCat,T1018,Remote System Discovery,discovery
ToddyCat,T1021,Remote Services,lateral-movement
ToddyCat,T1036,Masquerading,stealth
ToddyCat,T1047,Windows Management Instrumentation,execution
ToddyCat,T1049,System Network Connections Discovery,discovery
ToddyCat,T1053,Scheduled Task/Job,execution|persistence|privilege-escalation
ToddyCat,T1057,Process Discovery,discovery
ToddyCat,T1059,Command and Scripting Interpreter,execution
ToddyCat,T1069,Permission Groups Discovery,discovery
ToddyCat,T1074,Data Staged,collection
ToddyCat,T1078,Valid Accounts,stealth|persistence|privilege-escalation|initial-access
ToddyCat,T1083,File and Directory Discovery,discovery
ToddyCat,T1087,Account Discovery,discovery
ToddyCat,T1095,Non-Application Layer Protocol,command-and-control
ToddyCat,T1106,Native API,execution
ToddyCat,T1190,Exploit Public-Facing Application,initial-access
ToddyCat,T1518,Software Discovery,discovery
ToddyCat,T1560,Archive Collected Data,collection
ToddyCat,T1564,Hide Artifacts,stealth
ToddyCat,T1566,Phishing,initial-access
ToddyCat,T1567,Exfiltration Over Web Service,exfiltration
ToddyCat,T1680,Local Storage Discovery,discovery
ToddyCat,T1686,Disable or Modify System Firewall,defense-impairment
Tonto Team,T1003,OS Credential Dumping,credential-access
Tonto Team,T1056,Input Capture,collection|credential-access
Tonto Team,T1059,Command and Scripting Interpreter,execution
Tonto Team,T1068,Exploitation for Privilege Escalation,privilege-escalation
Tonto Team,T1069,Permission Groups Discovery,discovery
Tonto Team,T1090,Proxy,command-and-control
Tonto Team,T1105,Ingress Tool Transfer,command-and-control
Tonto Team,T1135,Network Share Discovery,discovery
Tonto Team,T1203,Exploitation for Client Execution,execution
Tonto Team,T1204,User Execution,execution
Tonto Team,T1210,Exploitation of Remote Services,lateral-movement
Tonto Team,T1505,Server Software Component,persistence
Tonto Team,T1566,Phishing,initial-access
Tonto Team,T1574,Hijack Execution Flow,stealth|execution
Transparent Tribe,T1027,Obfuscated Files or Information,stealth
Transparent Tribe,T1036,Masquerading,stealth
Transparent Tribe,T1059,Command and Scripting Interpreter,execution
Transparent Tribe,T1189,Drive-by Compromise,initial-access
Transparent Tribe,T1203,Exploitation for Client Execution,execution
Transparent Tribe,T1204,User Execution,execution
Transparent Tribe,T1564,Hide Artifacts,stealth
Transparent Tribe,T1566,Phishing,initial-access
Transparent Tribe,T1568,Dynamic Resolution,command-and-control
Transparent Tribe,T1583,Acquire Infrastructure,resource-development
Transparent Tribe,T1584,Compromise Infrastructure,resource-development
Transparent Tribe,T1608,Stage Capabilities,resource-development
Tropic Trooper,T1016,System Network Configuration Discovery,discovery
Tropic Trooper,T1020,Automated Exfiltration,exfiltration
Tropic Trooper,T1027,Obfuscated Files or Information,stealth
Tropic Trooper,T1033,System Owner/User Discovery,discovery
Tropic Trooper,T1036,Masquerading,stealth
Tropic Trooper,T1046,Network Service Discovery,discovery
Tropic Trooper,T1049,System Network Connections Discovery,discovery
Tropic Trooper,T1052,Exfiltration Over Physical Medium,exfiltration
Tropic Trooper,T1055,Process Injection,stealth|privilege-escalation
Tropic Trooper,T1057,Process Discovery,discovery
Tropic Trooper,T1059,Command and Scripting Interpreter,execution
Tropic Trooper,T1070,Indicator Removal,stealth
Tropic Trooper,T1071,Application Layer Protocol,command-and-control
Tropic Trooper,T1078,Valid Accounts,stealth|persistence|privilege-escalation|initial-access
Tropic Trooper,T1082,System Information Discovery,discovery
Tropic Trooper,T1083,File and Directory Discovery,discovery
Tropic Trooper,T1091,Replication Through Removable Media,lateral-movement|initial-access
Tropic Trooper,T1105,Ingress Tool Transfer,command-and-control
Tropic Trooper,T1106,Native API,execution
Tropic Trooper,T1119,Automated Collection,collection
Tropic Trooper,T1132,Data Encoding,command-and-control
Tropic Trooper,T1135,Network Share Discovery,discovery
Tropic Trooper,T1140,Deobfuscate/Decode Files or Information,stealth
Tropic Trooper,T1203,Exploitation for Client Execution,execution
Tropic Trooper,T1204,User Execution,execution
Tropic Trooper,T1221,Template Injection,stealth
Tropic Trooper,T1505,Server Software Component,persistence
Tropic Trooper,T1518,Software Discovery,discovery
Tropic Trooper,T1543,Create or Modify System Process,persistence|privilege-escalation
Tropic Trooper,T1547,Boot or Logon Autostart Execution,persistence|privilege-escalation
Tropic Trooper,T1564,Hide Artifacts,stealth
Tropic Trooper,T1566,Phishing,initial-access
Tropic Trooper,T1573,Encrypted Channel,command-and-control
Tropic Trooper,T1574,Hijack Execution Flow,stealth|execution
Tropic Trooper,T1680,Local Storage Discovery,discovery
Turla,T1005,Data from Local System,collection
Turla,T1007,System Service Discovery,discovery
Turla,T1012,Query Registry,discovery
Turla,T1016,System Network Configuration Discovery,discovery
Turla,T1018,Remote System Discovery,discovery
Turla,T1021,Remote Services,lateral-movement
Turla,T1025,Data from Removable Media,collection
Turla,T1027,Obfuscated Files or Information,stealth
Turla,T1036,Masquerading,stealth
Turla,T1049,System Network Connections Discovery,discovery
Turla,T1055,Process Injection,stealth|privilege-escalation
Turla,T1057,Process Discovery,discovery
Turla,T1059,Command and Scripting Interpreter,execution
Turla,T1068,Exploitation for Privilege Escalation,privilege-escalation
Turla,T1069,Permission Groups Discovery,discovery
Turla,T1071,Application Layer Protocol,command-and-control
Turla,T1078,Valid Accounts,stealth|persistence|privilege-escalation|initial-access
Turla,T1082,System Information Discovery,discovery
Turla,T1083,File and Directory Discovery,discovery
Turla,T1087,Account Discovery,discovery
Turla,T1090,Proxy,command-and-control
Turla,T1102,Web Service,command-and-control
Turla,T1105,Ingress Tool Transfer,command-and-control
Turla,T1106,Native API,execution
Turla,T1110,Brute Force,credential-access
Turla,T1112,Modify Registry,defense-impairment|persistence
Turla,T1120,Peripheral Device Discovery,discovery
Turla,T1124,System Time Discovery,discovery
Turla,T1134,Access Token Manipulation,stealth|privilege-escalation
Turla,T1140,Deobfuscate/Decode Files or Information,stealth
Turla,T1189,Drive-by Compromise,initial-access
Turla,T1201,Password Policy Discovery,discovery
Turla,T1204,User Execution,execution
Turla,T1213,Data from Information Repositories,collection
Turla,T1518,Software Discovery,discovery
Turla,T1546,Event Triggered Execution,privilege-escalation|persistence
Turla,T1547,Boot or Logon Autostart Execution,persistence|privilege-escalation
Turla,T1553,Subvert Trust Controls,defense-impairment
Turla,T1555,Credentials from Password Stores,credential-access
Turla,T1560,Archive Collected Data,collection
Turla,T1564,Hide Artifacts,stealth
Turla,T1566,Phishing,initial-access
Turla,T1567,Exfiltration Over Web Service,exfiltration
Turla,T1570,Lateral Tool Transfer,lateral-movement
Turla,T1583,Acquire Infrastructure,resource-development
Turla,T1584,Compromise Infrastructure,resource-development
Turla,T1587,Develop Capabilities,resource-development
Turla,T1588,Obtain Capabilities,resource-development
Turla,T1615,Group Policy Discovery,discovery
Turla,T1685,Disable or Modify Tools,defense-impairment
UNC3886,T1003,OS Credential Dumping,credential-access
UNC3886,T1008,Fallback Channels,command-and-control
UNC3886,T1014,Rootkit,stealth
UNC3886,T1021,Remote Services,lateral-movement
UNC3886,T1027,Obfuscated Files or Information,stealth
UNC3886,T1036,Masquerading,stealth
UNC3886,T1037,Boot or Logon Initialization Scripts,persistence|privilege-escalation
UNC3886,T1040,Network Sniffing,credential-access|discovery
UNC3886,T1057,Process Discovery,discovery
UNC3886,T1059,Command and Scripting Interpreter,execution
UNC3886,T1068,Exploitation for Privilege Escalation,privilege-escalation
UNC3886,T1070,Indicator Removal,stealth
UNC3886,T1074,Data Staged,collection
UNC3886,T1078,Valid Accounts,stealth|persistence|privilege-escalation|initial-access
UNC3886,T1083,File and Directory Discovery,discovery
UNC3886,T1095,Non-Application Layer Protocol,command-and-control
UNC3886,T1124,System Time Discovery,discovery
UNC3886,T1190,Exploit Public-Facing Application,initial-access
UNC3886,T1203,Exploitation for Client Execution,execution
UNC3886,T1205,Traffic Signaling,stealth|persistence|command-and-control
UNC3886,T1212,Exploitation for Credential Access,credential-access
UNC3886,T1218,System Binary Proxy Execution,stealth
UNC3886,T1505,Server Software Component,persistence
UNC3886,T1548,Abuse Elevation Control Mechanism,privilege-escalation
UNC3886,T1554,Compromise Host Software Binary,persistence
UNC3886,T1555,Credentials from Password Stores,credential-access
UNC3886,T1560,Archive Collected Data,collection
UNC3886,T1564,Hide Artifacts,stealth
UNC3886,T1570,Lateral Tool Transfer,lateral-movement
UNC3886,T1587,Develop Capabilities,resource-development
UNC3886,T1588,Obtain Capabilities,resource-development
UNC3886,T1673,Virtual Machine Discovery,discovery
UNC3886,T1675,ESXi Administration Command,execution
UNC3886,T1681,Search Threat Vendor Data,reconnaissance
UNC3886,T1685,Disable or Modify Tools,defense-impairment
UNC3886,T1686,Disable or Modify System Firewall,defense-impairment
UNC3886,T1690,Prevent Command History Logging,defense-impairment
Velvet Ant,T1021,Remote Services,lateral-movement
Velvet Ant,T1036,Masquerading,stealth
Velvet Ant,T1037,Boot or Logon Initialization Scripts,persistence|privilege-escalation
Velvet Ant,T1040,Network Sniffing,credential-access|discovery
Velvet Ant,T1047,Windows Management Instrumentation,execution
Velvet Ant,T1049,System Network Connections Discovery,discovery
Velvet Ant,T1055,Process Injection,stealth|privilege-escalation
Velvet Ant,T1059,Command and Scripting Interpreter,execution
Velvet Ant,T1071,Application Layer Protocol,command-and-control
Velvet Ant,T1078,Valid Accounts,stealth|persistence|privilege-escalation|initial-access
Velvet Ant,T1083,File and Directory Discovery,discovery
Velvet Ant,T1090,Proxy,command-and-control
Velvet Ant,T1132,Data Encoding,command-and-control
Velvet Ant,T1133,External Remote Services,persistence|initial-access
Velvet Ant,T1211,Exploitation for Stealth,stealth
Velvet Ant,T1569,System Services,execution
Velvet Ant,T1570,Lateral Tool Transfer,lateral-movement
Velvet Ant,T1571,Non-Standard Port,command-and-control
Velvet Ant,T1573,Encrypted Channel,command-and-control
Velvet Ant,T1574,Hijack Execution Flow,stealth|execution
Velvet Ant,T1685,Disable or Modify Tools,defense-impairment
Velvet Ant,T1686,Disable or Modify System Firewall,defense-impairment
VOID MANTICORE,T1003,OS Credential Dumping,credential-access
VOID MANTICORE,T1005,Data from Local System,collection
VOID MANTICORE,T1021,Remote Services,lateral-movement
VOID MANTICORE,T1027,Obfuscated Files or Information,stealth
VOID MANTICORE,T1036,Masquerading,stealth
VOID MANTICORE,T1041,Exfiltration Over C2 Channel,exfiltration
VOID MANTICORE,T1047,Windows Management Instrumentation,execution
VOID MANTICORE,T1059,Command and Scripting Interpreter,execution
VOID MANTICORE,T1071,Application Layer Protocol,command-and-control
VOID MANTICORE,T1072,Software Deployment Tools,execution|lateral-movement
VOID MANTICORE,T1074,Data Staged,collection
VOID MANTICORE,T1078,Valid Accounts,stealth|persistence|privilege-escalation|initial-access
VOID MANTICORE,T1082,System Information Discovery,discovery
VOID MANTICORE,T1087,Account Discovery,discovery
VOID MANTICORE,T1098,Account Manipulation,persistence|privilege-escalation
VOID MANTICORE,T1102,Web Service,command-and-control
VOID MANTICORE,T1105,Ingress Tool Transfer,command-and-control
VOID MANTICORE,T1110,Brute Force,credential-access
VOID MANTICORE,T1113,Screen Capture,collection
VOID MANTICORE,T1114,Email Collection,collection
VOID MANTICORE,T1119,Automated Collection,collection
VOID MANTICORE,T1123,Audio Capture,collection
VOID MANTICORE,T1125,Video Capture,collection
VOID MANTICORE,T1133,External Remote Services,persistence|initial-access
VOID MANTICORE,T1190,Exploit Public-Facing Application,initial-access
VOID MANTICORE,T1199,Trusted Relationship,initial-access
VOID MANTICORE,T1204,User Execution,execution
VOID MANTICORE,T1213,Data from Information Repositories,collection
VOID MANTICORE,T1219,Remote Access Tools,command-and-control
VOID MANTICORE,T1484,Domain or Tenant Policy Modification,defense-impairment|privilege-escalation
VOID MANTICORE,T1485,Data Destruction,impact
VOID MANTICORE,T1486,Data Encrypted for Impact,impact
VOID MANTICORE,T1490,Inhibit System Recovery,impact
VOID MANTICORE,T1547,Boot or Logon Autostart Execution,persistence|privilege-escalation
VOID MANTICORE,T1552,Unsecured Credentials,credential-access
VOID MANTICORE,T1560,Archive Collected Data,collection
VOID MANTICORE,T1561,Disk Wipe,impact
VOID MANTICORE,T1564,Hide Artifacts,stealth
VOID MANTICORE,T1566,Phishing,initial-access
VOID MANTICORE,T1572,Protocol Tunneling,command-and-control
VOID MANTICORE,T1583,Acquire Infrastructure,resource-development
VOID MANTICORE,T1585,Establish Accounts,resource-development
VOID MANTICORE,T1587,Develop Capabilities,resource-development
VOID MANTICORE,T1588,Obtain Capabilities,resource-development
VOID MANTICORE,T1589,Gather Victim Identity Information,reconnaissance
VOID MANTICORE,T1595,Active Scanning,reconnaissance
VOID MANTICORE,T1651,Cloud Administration Command,execution
VOID MANTICORE,T1657,Financial Theft,impact
VOID MANTICORE,T1679,Selective Exclusion,stealth
VOID MANTICORE,T1684,Social Engineering,stealth
VOID MANTICORE,T1686,Disable or Modify System Firewall,defense-impairment
Volatile Cedar,T1105,Ingress Tool Transfer,command-and-control
Volatile Cedar,T1190,Exploit Public-Facing Application,initial-access
Volatile Cedar,T1505,Server Software Component,persistence
Volatile Cedar,T1595,Active Scanning,reconnaissance
Volt Typhoon,T1003,OS Credential Dumping,credential-access
Volt Typhoon,T1005,Data from Local System,collection
Volt Typhoon,T1006,Direct Volume Access,stealth
Volt Typhoon,T1007,System Service Discovery,discovery
Volt Typhoon,T1010,Application Window Discovery,discovery
Volt Typhoon,T1012,Query Registry,discovery
Volt Typhoon,T1016,System Network Configuration Discovery,discovery
Volt Typhoon,T1018,Remote System Discovery,discovery
Volt Typhoon,T1021,Remote Services,lateral-movement
Volt Typhoon,T1027,Obfuscated Files or Information,stealth
Volt Typhoon,T1033,System Owner/User Discovery,discovery
Volt Typhoon,T1036,Masquerading,stealth
Volt Typhoon,T1046,Network Service Discovery,discovery
Volt Typhoon,T1047,Windows Management Instrumentation,execution
Volt Typhoon,T1049,System Network Connections Discovery,discovery
Volt Typhoon,T1056,Input Capture,collection|credential-access
Volt Typhoon,T1057,Process Discovery,discovery
Volt Typhoon,T1059,Command and Scripting Interpreter,execution
Volt Typhoon,T1068,Exploitation for Privilege Escalation,privilege-escalation
Volt Typhoon,T1069,Permission Groups Discovery,discovery
Volt Typhoon,T1070,Indicator Removal,stealth
Volt Typhoon,T1074,Data Staged,collection
Volt Typhoon,T1078,Valid Accounts,stealth|persistence|privilege-escalation|initial-access
Volt Typhoon,T1083,File and Directory Discovery,discovery
Volt Typhoon,T1087,Account Discovery,discovery
Volt Typhoon,T1090,Proxy,command-and-control
Volt Typhoon,T1105,Ingress Tool Transfer,command-and-control
Volt Typhoon,T1112,Modify Registry,defense-impairment|persistence
Volt Typhoon,T1113,Screen Capture,collection
Volt Typhoon,T1120,Peripheral Device Discovery,discovery
Volt Typhoon,T1124,System Time Discovery,discovery
Volt Typhoon,T1133,External Remote Services,persistence|initial-access
Volt Typhoon,T1140,Deobfuscate/Decode Files or Information,stealth
Volt Typhoon,T1190,Exploit Public-Facing Application,initial-access
Volt Typhoon,T1217,Browser Information Discovery,discovery
Volt Typhoon,T1218,System Binary Proxy Execution,stealth
Volt Typhoon,T1497,Virtualization/Sandbox Evasion,stealth|discovery
Volt Typhoon,T1505,Server Software Component,persistence
Volt Typhoon,T1518,Software Discovery,discovery
Volt Typhoon,T1552,Unsecured Credentials,credential-access
Volt Typhoon,T1555,Credentials from Password Stores,credential-access
Volt Typhoon,T1560,Archive Collected Data,collection
Volt Typhoon,T1570,Lateral Tool Transfer,lateral-movement
Volt Typhoon,T1573,Encrypted Channel,command-and-control
Volt Typhoon,T1584,Compromise Infrastructure,resource-development
Volt Typhoon,T1587,Develop Capabilities,resource-development
Volt Typhoon,T1588,Obtain Capabilities,resource-development
Volt Typhoon,T1589,Gather Victim Identity Information,reconnaissance
Volt Typhoon,T1590,Gather Victim Network Information,reconnaissance
Volt Typhoon,T1591,Gather Victim Org Information,reconnaissance
Volt Typhoon,T1592,Gather Victim Host Information,reconnaissance
Volt Typhoon,T1593,Search Open Websites/Domains,reconnaissance
Volt Typhoon,T1594,Search Victim-Owned Websites,reconnaissance
Volt Typhoon,T1596,Search Open Technical Databases,reconnaissance
Volt Typhoon,T1614,System Location Discovery,discovery
Volt Typhoon,T1654,Log Enumeration,discovery
Volt Typhoon,T1680,Local Storage Discovery,discovery
Volt Typhoon,T1685,Disable or Modify Tools,defense-impairment
Water Galura,T1486,Data Encrypted for Impact,impact
Water Galura,T1585,Establish Accounts,resource-development
Water Galura,T1657,Financial Theft,impact
Whitefly,T1003,OS Credential Dumping,credential-access
Whitefly,T1027,Obfuscated Files or Information,stealth
Whitefly,T1036,Masquerading,stealth
Whitefly,T1059,Command and Scripting Interpreter,execution
Whitefly,T1068,Exploitation for Privilege Escalation,privilege-escalation
Whitefly,T1105,Ingress Tool Transfer,command-and-control
Whitefly,T1204,User Execution,execution
Whitefly,T1574,Hijack Execution Flow,stealth|execution
Whitefly,T1588,Obtain Capabilities,resource-development
Windigo,T1005,Data from Local System,collection
Windigo,T1059,Command and Scripting Interpreter,execution
Windigo,T1082,System Information Discovery,discovery
Windigo,T1083,File and Directory Discovery,discovery
Windigo,T1090,Proxy,command-and-control
Windigo,T1189,Drive-by Compromise,initial-access
Windigo,T1518,Software Discovery,discovery
Windshift,T1027,Obfuscated Files or Information,stealth
Windshift,T1033,System Owner/User Discovery,discovery
Windshift,T1036,Masquerading,stealth
Windshift,T1047,Windows Management Instrumentation,execution
Windshift,T1057,Process Discovery,discovery
Windshift,T1059,Command and Scripting Interpreter,execution
Windshift,T1071,Application Layer Protocol,command-and-control
Windshift,T1082,System Information Discovery,discovery
Windshift,T1105,Ingress Tool Transfer,command-and-control
Windshift,T1189,Drive-by Compromise,initial-access
Windshift,T1204,User Execution,execution
Windshift,T1518,Software Discovery,discovery
Windshift,T1547,Boot or Logon Autostart Execution,persistence|privilege-escalation
Windshift,T1566,Phishing,initial-access
Winnti Group,T1014,Rootkit,stealth
Winnti Group,T1057,Process Discovery,discovery
Winnti Group,T1083,File and Directory Discovery,discovery
Winnti Group,T1105,Ingress Tool Transfer,command-and-control
Winnti Group,T1553,Subvert Trust Controls,defense-impairment
Winnti Group,T1583,Acquire Infrastructure,resource-development
Winter Vivern,T1020,Automated Exfiltration,exfiltration
Winter Vivern,T1033,System Owner/User Discovery,discovery
Winter Vivern,T1036,Masquerading,stealth
Winter Vivern,T1041,Exfiltration Over C2 Channel,exfiltration
Winter Vivern,T1053,Scheduled Task/Job,execution|persistence|privilege-escalation
Winter Vivern,T1056,Input Capture,collection|credential-access
Winter Vivern,T1059,Command and Scripting Interpreter,execution
Winter Vivern,T1071,Application Layer Protocol,command-and-control
Winter Vivern,T1082,System Information Discovery,discovery
Winter Vivern,T1083,File and Directory Discovery,discovery
Winter Vivern,T1105,Ingress Tool Transfer,command-and-control
Winter Vivern,T1113,Screen Capture,collection
Winter Vivern,T1114,Email Collection,collection
Winter Vivern,T1119,Automated Collection,collection
Winter Vivern,T1140,Deobfuscate/Decode Files or Information,stealth
Winter Vivern,T1189,Drive-by Compromise,initial-access
Winter Vivern,T1190,Exploit Public-Facing Application,initial-access
Winter Vivern,T1204,User Execution,execution
Winter Vivern,T1566,Phishing,initial-access
Winter Vivern,T1583,Acquire Infrastructure,resource-development
Winter Vivern,T1584,Compromise Infrastructure,resource-development
Winter Vivern,T1595,Active Scanning,reconnaissance
WIRTE,T1027,Obfuscated Files or Information,stealth
WIRTE,T1036,Masquerading,stealth
WIRTE,T1041,Exfiltration Over C2 Channel,exfiltration
WIRTE,T1059,Command and Scripting Interpreter,execution
WIRTE,T1071,Application Layer Protocol,command-and-control
WIRTE,T1074,Data Staged,collection
WIRTE,T1105,Ingress Tool Transfer,command-and-control
WIRTE,T1106,Native API,execution
WIRTE,T1114,Email Collection,collection
WIRTE,T1140,Deobfuscate/Decode Files or Information,stealth
WIRTE,T1204,User Execution,execution
WIRTE,T1218,System Binary Proxy Execution,stealth
WIRTE,T1497,Virtualization/Sandbox Evasion,stealth|discovery
WIRTE,T1566,Phishing,initial-access
WIRTE,T1571,Non-Standard Port,command-and-control
WIRTE,T1574,Hijack Execution Flow,stealth|execution
WIRTE,T1583,Acquire Infrastructure,resource-development
WIRTE,T1586,Compromise Accounts,resource-development
WIRTE,T1588,Obtain Capabilities,resource-development
WIRTE,T1608,Stage Capabilities,resource-development
WIRTE,T1684,Social Engineering,stealth
Wizard Spider,T1003,OS Credential Dumping,credential-access
Wizard Spider,T1005,Data from Local System,collection
Wizard Spider,T1016,System Network Configuration Discovery,discovery
Wizard Spider,T1018,Remote System Discovery,discovery
Wizard Spider,T1021,Remote Services,lateral-movement
Wizard Spider,T1027,Obfuscated Files or Information,stealth
Wizard Spider,T1033,System Owner/User Discovery,discovery
Wizard Spider,T1036,Masquerading,stealth
Wizard Spider,T1041,Exfiltration Over C2 Channel,exfiltration
Wizard Spider,T1047,Windows Management Instrumentation,execution
Wizard Spider,T1048,Exfiltration Over Alternative Protocol,exfiltration
Wizard Spider,T1053,Scheduled Task/Job,execution|persistence|privilege-escalation
Wizard Spider,T1055,Process Injection,stealth|privilege-escalation
Wizard Spider,T1059,Command and Scripting Interpreter,execution
Wizard Spider,T1070,Indicator Removal,stealth
Wizard Spider,T1071,Application Layer Protocol,command-and-control
Wizard Spider,T1074,Data Staged,collection
Wizard Spider,T1078,Valid Accounts,stealth|persistence|privilege-escalation|initial-access
Wizard Spider,T1082,System Information Discovery,discovery
Wizard Spider,T1087,Account Discovery,discovery
Wizard Spider,T1105,Ingress Tool Transfer,command-and-control
Wizard Spider,T1112,Modify Registry,defense-impairment|persistence
Wizard Spider,T1133,External Remote Services,persistence|initial-access
Wizard Spider,T1135,Network Share Discovery,discovery
Wizard Spider,T1136,Create Account,persistence
Wizard Spider,T1197,BITS Jobs,stealth|persistence|execution
Wizard Spider,T1204,User Execution,execution
Wizard Spider,T1210,Exploitation of Remote Services,lateral-movement
Wizard Spider,T1218,System Binary Proxy Execution,stealth
Wizard Spider,T1222,File and Directory Permissions Modification,defense-impairment
Wizard Spider,T1489,Service Stop,impact
Wizard Spider,T1490,Inhibit System Recovery,impact
Wizard Spider,T1518,Software Discovery,discovery
Wizard Spider,T1543,Create or Modify System Process,persistence|privilege-escalation
Wizard Spider,T1547,Boot or Logon Autostart Execution,persistence|privilege-escalation
Wizard Spider,T1550,Use Alternate Authentication Material,lateral-movement
Wizard Spider,T1552,Unsecured Credentials,credential-access
Wizard Spider,T1553,Subvert Trust Controls,defense-impairment
Wizard Spider,T1555,Credentials from Password Stores,credential-access
Wizard Spider,T1557,Adversary-in-the-Middle,credential-access|collection
Wizard Spider,T1558,Steal or Forge Kerberos Tickets,credential-access
Wizard Spider,T1560,Archive Collected Data,collection
Wizard Spider,T1566,Phishing,initial-access
Wizard Spider,T1567,Exfiltration Over Web Service,exfiltration
Wizard Spider,T1569,System Services,execution
Wizard Spider,T1570,Lateral Tool Transfer,lateral-movement
Wizard Spider,T1585,Establish Accounts,resource-development
Wizard Spider,T1588,Obtain Capabilities,resource-development
Wizard Spider,T1685,Disable or Modify Tools,defense-impairment
ZIRCONIUM,T1012,Query Registry,discovery
ZIRCONIUM,T1016,System Network Configuration Discovery,discovery
ZIRCONIUM,T1027,Obfuscated Files or Information,stealth
ZIRCONIUM,T1033,System Owner/User Discovery,discovery
ZIRCONIUM,T1036,Masquerading,stealth
ZIRCONIUM,T1041,Exfiltration Over C2 Channel,exfiltration
ZIRCONIUM,T1059,Command and Scripting Interpreter,execution
ZIRCONIUM,T1068,Exploitation for Privilege Escalation,privilege-escalation
ZIRCONIUM,T1082,System Information Discovery,discovery
ZIRCONIUM,T1090,Proxy,command-and-control
ZIRCONIUM,T1102,Web Service,command-and-control
ZIRCONIUM,T1105,Ingress Tool Transfer,command-and-control
ZIRCONIUM,T1124,System Time Discovery,discovery
ZIRCONIUM,T1140,Deobfuscate/Decode Files or Information,stealth
ZIRCONIUM,T1204,User Execution,execution
ZIRCONIUM,T1218,System Binary Proxy Execution,stealth
ZIRCONIUM,T1547,Boot or Logon Autostart Execution,persistence|privilege-escalation
ZIRCONIUM,T1555,Credentials from Password Stores,credential-access
ZIRCONIUM,T1566,Phishing,initial-access
ZIRCONIUM,T1567,Exfiltration Over Web Service,exfiltration
ZIRCONIUM,T1573,Encrypted Channel,command-and-control
ZIRCONIUM,T1583,Acquire Infrastructure,resource-development
ZIRCONIUM,T1584,Compromise Infrastructure,resource-development
ZIRCONIUM,T1598,Phishing for Information,reconnaissance
ZIRCONIUM,T1665,Hide Infrastructure,command-and-control
